cookie_id,score
ck_315fb710a0e371e7,0.0008471535183189515
ck_a76ee3b3e3e522fd,0.07784744390513774
ck_94c9a4d382689e82,0.056917883775120075
ck_8eaf9509ad9462a0,0.0015109635877754485
ck_9a88a5a989cb5bc6,0.011656793066261746
ck_15239ef0689c1a35,0.020529234226480102
ck_8de69cd219d3b87f,0.2500247356584147
ck_f92cd37022b0ce21,0.014258446846453832
ck_1a3ff7620580a514,0.01519908401058848
ck_397c03aa33a57310,0.24459979802390958
ck_a7cf6c3b322f6b7a,0.006795052159440377
ck_c39a9e75760e3201,0.00646074306117078
ck_88ab6d245228c38e,0.0015258386888220028
ck_17733f75ebdea93e,0.0058603375127655784
ck_58eb871e8d7bed52,0.02620182725071837
ck_e55b7fa67db1ec27,0.004475615788126039
ck_62f5cfe22c952694,0.030937967571680745
ck_7fbb709a0fe95759,0.005872741326906811
ck_87abe9cd066a20fb,0.04961330345146479
ck_d58e058b5c553dd5,0.01033323261654678
ck_d27b872648b71202,0.002969535573598848
ck_4b4a3c5b95c55b43,0.0011039790062071526
ck_66dd4f4b4127256d,0.0016288621736672113
ck_93cc12703b500613,0.02371527230839433
ck_d28806a2179092eb,0.9943095675701246
ck_0595c2a0c7881e05,0.009192262202646956
ck_50087d8666191144,0.151491689598607
ck_b08b3f089138c901,0.012662890544487162
ck_fe3b67041dad2dd1,0.0009850672736242097
ck_8449a28f7d475d93,0.035035537114124805
ck_8642e3b6d84f49d3,0.012410334590252285
ck_e49b5e4f2f2e79db,0.3497329257351245
ck_437afe412ea4259c,0.09381763962194845
ck_569b83668d74042d,0.9361481201896136
ck_233a487d31c3e631,0.997230524327114
ck_1fca72e03143a645,0.9630619418956136
ck_79205e31223df2ad,0.05411195202583945
ck_9625a64406ea16e3,0.004553788467282442
ck_079bd18dacb704a8,0.08056248644423714
ck_4db6d4fd2b49aa81,0.04337374990735898
ck_0dbefdac0a1868fb,0.0023411342105002313
ck_24ff97ad90bdd69a,0.05031242847224975
ck_77f8c5042065d506,0.008230350976308398
ck_f11be8ce05382cec,0.0387284365348679
ck_c9d72140b0389216,0.023235546636034086
ck_69eda24e931fb36a,0.0010582390061998352
ck_ed471e496916ee15,0.005985318678897676
ck_ff090498c4b17ac3,0.005327560107663017
ck_c3c19d6a0720915c,0.003284300293067109
ck_af02e1817cfa40b5,0.054839933948033465
ck_2df5a9fc87553eb1,0.014198613313466167
ck_4ac918e884cff336,0.02114314132126624
ck_ca149244b54ef3ad,0.002479241106916757
ck_6babe5b8674ff51f,0.007013143157173813
ck_1573878386886290,0.009222013205397507
ck_3925f8565abb7fe4,0.008616358440426243
ck_c4de808ae69c771f,0.0012772534335944872
ck_a777c813551281fe,0.038931155567418475
ck_df4424f6dd85080d,0.12721905668588776
ck_85e5494ec20383ae,0.024777441677913743
ck_f71a4094e889c3af,0.004217908805530179
ck_f2f3cf9cd23b2809,0.021355494064131616
ck_18e2076397bcc211,0.03537779268303397
ck_c9f9fddef39bc664,0.025194116025913694
ck_7e826e233d6ea028,0.004527848885767579
ck_62fd7eb46bee9210,0.008777336881126212
ck_206f8e3cd72768f3,0.0648403100766027
ck_aa295a11b0a6ab36,0.011555761499677278
ck_9a56739d81f84a53,0.02073399724017842
ck_aa075c418ed9fe5a,0.041654635384621615
ck_62b9fb3db284941b,0.006275120264719531
ck_f4f83b1403ebea46,0.025202464917592236
ck_16b66bd803288bc3,0.25968144226284995
ck_c4ca1434f3778f1d,0.9958893704175701
ck_1b823610371a29c0,0.009089478903231515
ck_c2bd5a722aa637d9,0.007712420763049649
ck_7890208951df34f0,0.011446874496934555
ck_020eb0e454524ecd,0.0034546838467374645
ck_3b66196ccf436c35,0.006722185190011087
ck_109fc467ec0a4af5,0.06577766159489405
ck_f3dcd818db92de7b,0.012843117341242478
ck_31e7742f160980ef,0.024125198350583993
ck_77fce5f86f00b8f4,0.03981461742556326
ck_46bc797b4d07d607,0.002813288200772358
ck_37899b1b571b1c6b,0.015967410263990046
ck_ef8a6af43fedd464,0.0020445911290410683
ck_bcc8519fe8521038,0.025965821581602763
ck_90696b7182dd9129,0.016378745907600214
ck_4a24ad61d017e1ba,0.03435225562787455
ck_0acc3d8c67218b9d,0.003909939894508076
ck_05c97fc9de11aba6,0.11501559939608691
ck_f8ac3a0500c0ec62,0.008120264959737946
ck_617b65141f546a1c,0.0035803402933620786
ck_9d00823bf60388d7,0.016342575390179748
ck_123c15d93f1840f2,0.11543651216389483
ck_573feefba6bf78bb,0.0508420036300096
ck_b25657bd16739036,0.017164666510097033
ck_bd26d2bef14a8597,0.007889274735313782
ck_a553418f2fba1440,0.01411615923514272
ck_89f3e380b0686963,0.01086508443537512
ck_b359192aa659bdce,0.015563245484706029
ck_02241f3dc301bebf,0.017171536591570308
ck_5ccc1a1c78cb33ee,0.13306613880834509
ck_349cc5edda1b8853,0.05042566380831928
ck_e9f228845bf6e28b,0.07585565389495347
ck_0a45d033d4e280ea,0.02910231096722923
ck_7e63168dda612235,0.007060428796303598
ck_676fa5f6aae5475b,0.010838201973549672
ck_74b502b20690ccfe,0.012972144586515221
ck_073509af21dd7f5f,0.35519450529644564
ck_498a0acd450944d8,0.003282940896593807
ck_7f15b50b29dead01,0.04504387087790375
ck_8089fe7403c5f537,0.010514782215726607
ck_05b2b04e11d9ae9c,0.006278842400916067
ck_31e70f2f04b48b88,0.0015227580633399053
ck_994316fa5a02b319,0.0048068211125961305
ck_b76510998b9a2260,0.013389426088805343
ck_4db95c310e105d30,0.0031043873990312066
ck_6f730b77dc6cdb84,0.007451551407780921
ck_2493ee8e7b91d304,0.023629662151483523
ck_92d679d6ac7dcdcb,0.06077729989886198
ck_3a0e0200cbb185cb,0.019356873997079027
ck_0b2eeb4e00ff7955,0.015483694757493147
ck_9843d0e61c37ebe8,0.9941147774569593
ck_e61c8721e3ef1921,0.008615370853659324
ck_2e0eedaaf2980c2c,0.0029224231381645115
ck_9036b2e5e9298a34,0.0051558336482847794
ck_3265442528d51728,0.013216253008640926
ck_f2ddae2eb1cb29b4,0.011955042184411626
ck_6cfa71d27fc27f92,0.022295541286217878
ck_f3199fbe84a28b9a,0.03464614271960826
ck_b78d785ca3ef773a,0.008780051699255128
ck_374865697f1480eb,0.01279142200042682
ck_06d0e4a9189302a9,0.026490245311252315
ck_9c9884b9bcaa552e,0.16856048605276794
ck_fd4cf578e87703ff,0.027298507297846594
ck_1917ef3e6e345549,0.12391272812328329
ck_e70418b00cbbbac9,0.04482715738429657
ck_a60388296a47062c,0.03197901451176042
ck_d598fe8d2c779ab9,0.005497433572099356
ck_646dc03de4c31803,0.6811764937855558
ck_e4fd8cbd842b6993,0.004975954687194048
ck_2225b555aa2a42ed,0.03673925262790487
ck_6be8ae9d78148882,0.01049866807685139
ck_4199342d3aca74e8,0.040035904959280694
ck_779581adb573261f,0.013352887561816027
ck_bb303568b6915205,0.04189524542172581
ck_17c4296276448afe,0.006401405982606204
ck_a60a61ac829252a0,0.010928141133274866
ck_6ea70950c1cae00b,0.9340781964472934
ck_1abb93f6924645e1,0.026856964920197814
ck_faab769cce19879a,0.058160846030671655
ck_d5b8e74e7ca6355a,0.07908932632427504
ck_f11f7691af16ad07,0.0018729138286106167
ck_188fdf2be7c92e9d,0.9914552133496767
ck_4a103f8254b366f7,0.014838552817332007
ck_bfa17a0b1760e616,0.0022355818252643
ck_a4d7f6a5869d440a,0.9497975847110863
ck_58e20f5a3e7f11b8,0.8447225298614337
ck_4becdd3d2696c7ba,0.006902666744923654
ck_dad5cf32ab9f243f,0.00977339402599782
ck_7d9f73dc7c4f90c3,0.25768840285183153
ck_c19371047a2d011d,0.0025351279520186613
ck_247589ff532f7aa8,0.01303008618725007
ck_7a9f241d5f082567,0.00619203636825817
ck_0a2b7078736b4dda,0.006248741662614781
ck_687b412e2aac7eb6,0.0224406936728329
ck_fce0b6855886a0b8,0.01775343771850742
ck_e291cc60920456d0,0.114159629827491
ck_04219a7ea798db51,0.13652224202849084
ck_286bfd719836e9f3,0.15017605956077273
ck_55efc92394fee232,0.012291763091093349
ck_e36c8da1bd359960,0.035736791708136935
ck_34b0988a97d96902,0.013193936088468538
ck_e0fb11fc9dcb34e6,0.007658411629601752
ck_bcc9cbc9ed8b7c31,0.011460524295852053
ck_3df8da6f60a89a5b,0.06067441635197407
ck_b1495ee5c59a6b28,0.008882702162585989
ck_58f4c3ac61fda129,0.07750343594566031
ck_735f244b99e3aa8d,0.025217102534164232
ck_6b93bd8abf87b1d6,0.9130177829072101
ck_12107dacc6d05bd1,0.0013475676623552846
ck_f96db2a1f3448d1f,0.00832482341327823
ck_8fd91a3c99e19097,0.034479259103950236
ck_910205d25388a0ae,0.0021457904180303025
ck_d229dfa0e4442628,0.0038019212110995356
ck_7cdec61e1c488798,0.0564089049803962
ck_f66f06e24ff32671,0.02508975819303868
ck_350bf14e90b503f5,0.010013872664250096
ck_61fff5fdaadd394b,0.007351625535519098
ck_e934f984bad2ff91,0.29598748791231405
ck_ff6a6d3547dd2d37,0.08045966267698074
ck_65ad9b15979e3247,0.008489329069509154
ck_bbe1a2ea5a403ad8,0.4980754502324077
ck_6f3a28eecd2c4031,0.01945062002441636
ck_a89b66665714058f,0.01657749520999483
ck_918c92182b6817cd,0.01951544051983651
ck_64f5eb4be9e7b8fa,0.12012404877962658
ck_d021fd497ea35fb2,0.014221908920446467
ck_004de16f7d8a42ae,0.009416381559072384
ck_a33d2325f86ab12d,0.012854802074418872
ck_89790ff26c844bc6,0.006543213835833432
ck_e6e7257377c37b28,0.034485286545416466
ck_a2cc3910a641a808,0.5652777538073502
ck_646e270e0195bf05,0.006993068718913123
ck_baba5d66def0d770,0.0546294719611035
ck_67cdcdda3033842d,0.056611265697040294
ck_b5c3075c811a2216,0.021868792426545377
ck_515379973a8044b8,0.004599871688029599
ck_c0ce85fb4109567d,0.030701901924494623
ck_fef850553862aaca,0.002524026144984043
ck_55d7217b0aff9fa2,0.009073228249624192
ck_8e139f8925ef7968,0.009551824926780072
ck_9e35b908fca1e4d7,0.002346618489882701
ck_59735f4ab2ad3da5,0.011149945260864396
ck_dc569c1167ccec0d,0.5786805197568574
ck_1dade5592f90a15c,0.028543459113760657
ck_793048d11fb8b328,0.12104221535286319
ck_545b71eb4fa594b5,0.001207458131663736
ck_bd30853e9a57b544,0.010462756906963222
ck_59f46321ecf6d306,0.011313811498624083
ck_260cfe9141d249f1,0.3028272981288134
ck_3365a0ad1a8aa83c,0.007312809628460554
ck_b0ef193195a2138b,0.006414850677852162
ck_0f909705e2e60f2f,0.0024320228538027913
ck_5a540b75c866166a,0.01900553131466539
ck_87c26b2f41025109,0.9871874739637653
ck_27acc9f320cda104,0.10728562055113298
ck_a27bc31eecd9cb9a,0.012496370246136467
ck_115d86fabde77b65,0.0020445362494771386
ck_eeca179341d56f8a,0.37361605887443894
ck_8e5999c436cf037e,0.0011023742982960334
ck_510e7c5df1f95d90,0.9952764917080897
ck_f1acf73363925958,0.017678180400293876
ck_3c177f5970b68bd3,0.0075933330677557705
ck_9cdfaa1c30cc9d32,0.0014358071631290514
ck_c8efa1538b37c359,0.008397755414972752
ck_a8a2e296f9804bd7,0.019862292585675782
ck_91a0ca45f429568d,0.021256879737772766
ck_5fdf8a0bdbd3ed62,0.01566804780005636
ck_0f4e2ec66d50da5f,0.0051751368133106075
ck_28c53b214b2ee882,0.1432485997164605
ck_003148504557f720,0.06788766771305703
ck_01d840cffb870615,0.348018050426301
ck_555848d51f4b5f35,0.04983493020830378
ck_df20cc23b8fb8e22,0.01395289659551748
ck_f9604adde929beff,0.004499456903933552
ck_d66952b03591bdec,0.013955959137471854
ck_ddcac1ab765ff61a,0.01710549566935163
ck_347386629d96c664,0.013502698395757531
ck_ab01db9117acfe3d,0.004418789862114309
ck_58e5359efc52e0ad,0.0050063447330938185
ck_1a524b5cc8da71b3,0.05742688437901921
ck_e9287b6d909d731f,0.005632604916124174
ck_bb41a66e3d90263b,0.16367978857308316
ck_e95c8cc1864bd584,0.005375685494111377
ck_7a3f2961e9a8b6dc,0.008292223314813238
ck_378a9df82b1e0bee,0.23973365888640558
ck_42633573639a3f02,0.9301104260696563
ck_2a5a4c18c2c7274b,0.00904131690996552
ck_77549c1a41f837c3,0.014788515675463307
ck_a26704b5b26258b7,0.01648398182940716
ck_9874ad160efddf50,0.009781764203874665
ck_9111e3a04b14dfba,0.057190182056107174
ck_651e076ee43aea85,0.006420079424944525
ck_391639c0f13932f3,0.0028461201098637927
ck_02dbabda93c8c13d,0.012909413417162383
ck_0adcb1fffcb0a34b,0.025331202340207783
ck_7a43ef9c7b1c67b5,0.015150363048498828
ck_4b9dd69946438d0b,0.006880999473367796
ck_90bf017cdd37b66e,0.027413784465807795
ck_61c74163eb36556e,0.011963782372037114
ck_13376c59b5bd6943,0.0029875218982460534
ck_62337eccb1672737,0.007504532400448845
ck_16077934338472bf,0.0048373413577302475
ck_0d4dfd93086e7330,0.011103359584475355
ck_3865b7525b910893,0.007483643404944808
ck_7e2ae8b69ebd5675,0.004803719772939648
ck_b4384b6c11766ce7,0.02067017728208272
ck_3d7fa32dfb9fc692,0.0883002148775805
ck_f4a6a7cadd6e0603,0.12682584254549953
ck_212525e2828a6c45,0.014917830045117052
ck_33ad8d53394ba77a,0.43781393730280255
ck_a5051eafe8b51224,0.01285853825247257
ck_f65e5ff7da565f91,0.007081107669410485
ck_5c37f7563fa7591d,0.01061781444147595
ck_f1e0a006068aff29,0.023220905926444473
ck_c646cdead6fb79d0,0.014805301343062002
ck_f8b3cdffef535330,0.15127022137868215
ck_e5cdbe3aa12c97f6,0.0066387505719812286
ck_986e4e61440506d0,0.0911844744165376
ck_6da9c5912e15d9a8,0.008675712173064856
ck_51d842e6dae74c71,0.0033326855536266156
ck_5fc65c24e0736d5d,0.2904671977770725
ck_babb95a76c69509d,0.04178815970250766
ck_86a2d852a9715432,0.025054809013893314
ck_db4083a0d043def8,0.8326518466000482
ck_96953b8945b7d403,0.011990384120588539
ck_7831ca5c31fb3859,0.1608221320741676
ck_60ac5e5f375daa38,0.004136776062653223
ck_05d44eb1f5f085ce,0.01885150433279474
ck_432cc19c7eeaa46e,0.023384645415584198
ck_7fc513033af061af,0.10144292273604222
ck_ada6ede84c111719,0.02357685781314722
ck_6343e0d3b1c2962b,0.012808019192016264
ck_010264ae04f2e902,0.0935678851970031
ck_e9dcf535f8c289eb,0.09382436358898401
ck_37143d9cc296e6fa,0.005356082275285404
ck_61fa051192f3e810,0.025550806312775586
ck_f9f93d1d41be1468,0.6267306432928221
ck_c4f4f28457be8a74,0.001215011332665931
ck_323a71f9452d21cb,0.40850138531325375
ck_170f4688e0acd875,0.08189482197044792
ck_869b1878d09d230d,0.1310683361011809
ck_2f6b33bf46976229,0.005818314985452596
ck_b11e22e75d9b99de,0.0017187149922929805
ck_123d75ffb75b606d,0.010108863374603838
ck_94295287a04c85d2,0.28072817108953113
ck_1b0434f096795328,0.008486265268619184
ck_0a4e191cd0a57ce1,0.0026018241706376823
ck_d2fbd0df99634676,0.01065559160909599
ck_d51df5e9fbbbcc94,0.0748749881545631
ck_2d3d7d64a6f443f8,0.015418293423185367
ck_731943c682c9394e,0.02947882353201472
ck_5ccc0c94e5e1f849,0.020439947842440943
ck_c3476080516db25d,0.01575083314380552
ck_5010ffb1c94187b5,0.001880432894109278
ck_7ef666d67bc70223,0.032304339562605644
ck_c1b493527224a27a,0.002872078155319675
ck_5d1e25d7acc5af9a,0.012210581674524998
ck_ec30b61cbf517db8,0.002251589863995412
ck_79323eb5d2e5efae,0.010047573752069328
ck_4085cd3bf2661518,0.014639489938427694
ck_2ca91214c357c072,0.19605198168523572
ck_7f3132d6be389657,0.04867550722931157
ck_e7a6b925c8f39a85,0.041762223039114636
ck_c886adec7bac250a,0.0254746681403858
ck_c3f360c2d0ea0a37,0.014700611252125094
ck_a7acd5b015823793,0.012342738051433273
ck_9d64187c0800f84e,0.012745943000158003
ck_5d4ed73b9efd7d11,0.01217934852593803
ck_874eca6776b34dec,0.004996931774123433
ck_96a9221a87be93c3,0.12577518452656242
ck_68dd79a51eabf5e6,0.018362471107979745
ck_8311cb6755b2016c,0.005793215610531564
ck_16fc77b2bcf5ec03,0.9848571156288932
ck_ad9e2088a33c8c72,0.0007137942525388437
ck_7176bbc97b1e42a1,0.004563654158989961
ck_80dfa54b30f65fff,0.4114916192067126
ck_31c54d540b128843,0.005972642740661028
ck_43ea894480567274,0.036170395014638465
ck_9c9e8a38bd5a6c88,0.026910429425713308
ck_1c2dcae19539e148,0.04871079405640279
ck_b0fa8b84e94d8ae0,0.016318816351991266
ck_4ceb43ccd0a81c2f,0.008616273297687783
ck_ba845332b730b596,0.002293198301662926
ck_73d3e8c6077f61e6,0.11642433843915766
ck_b5d0d223ef56473f,0.023421540839429475
ck_949f08f8e80e93ea,0.002551947213765022
ck_73de0b49709e5f8c,0.006115199289598763
ck_b5935e9722a39819,0.06355062769649773
ck_96247fee0eb44420,0.006918054444029235
ck_a6def1e4b2d57e0d,0.01145625514617777
ck_aecdc5a96321a2d8,0.012387804139297364
ck_bc61c59970f8de49,0.013179151186359669
ck_c43b4175fc9ac5bd,0.2561291422550427
ck_8ff7a9b23a55fd62,0.005735260419881571
ck_20c99b645f462449,0.004401450987573913
ck_a5ce2ae36fb410d9,0.0014859878086874616
ck_96fb9bf556842bbc,0.013936407766245282
ck_b5e4c6dbbed1b773,0.020916364660503287
ck_2085433978e72ea9,0.06689329205806327
ck_2c6b174b063ec637,0.013486480339283118
ck_b20b81b88dabe28d,0.004305506231858877
ck_243c18dbf150831c,0.004864747927003038
ck_2bb6a17e8eee35cc,0.023068391982892098
ck_66147fb994495396,0.4082802096103574
ck_73f124f075ede0fc,0.009717202956700232
ck_2e315f1b1e533dab,0.00510392885434868
ck_16c7bf94ed3e7a6f,0.0006249666610488391
ck_4a0eae220a762ac5,0.017933902223106073
ck_dc16f939c2f44ad8,0.059376632310344866
ck_817926b449754917,0.009506680531979918
ck_0c0dde42ab64ef87,0.03310927556495385
ck_cb3a40594da6a2ee,0.04924519870854966
ck_d0dc156441fcfdcb,0.019928430489786077
ck_66f0945add423e9e,0.008495989943867792
ck_a74f6a3030f5d495,0.021871822968830574
ck_1ae460f331e49ae2,0.016701767813986454
ck_2d177b2f4f0b40c9,0.24815794585663106
ck_92e474e4368c4791,0.010781826999280025
ck_3dee83fa2d109484,0.00130646922858684
ck_80e5ea27848069fe,0.005604277569803121
ck_ed0c4a83701ca230,0.013295400059693286
ck_0b8b7c5c581fd161,0.0025998759149989965
ck_60bf8a2870956fb1,0.01407952982330235
ck_73a54b56a2bf35fe,0.8827987343396615
ck_2296d7a563424883,0.006502894951146952
ck_bc19c383560c7477,0.010963345514953104
ck_861d8e3d88f1079e,0.09856750800212306
ck_3f090fc96c24eb28,0.002794341215230574
ck_9a6a1f8102febfca,0.01848061417679532
ck_541b6ad5d2fa5a39,0.01088605393594615
ck_a760d38d1bc4de97,0.0031986799367951448
ck_7dca4d7ee10b4eeb,0.003356756681896836
ck_15220e78d1545e40,0.03200816728919319
ck_ca24bb0de508efb0,0.007153958534059477
ck_56b389627d8f02c5,0.9935474057088484
ck_48a6754977a44db0,0.011129974890997336
ck_333a43ec339a04cb,0.06985296174701594
ck_f22aacaf86a65d7e,0.046685742472612535
ck_04bd8a1ffaf3ffd8,0.0032916474840171735
ck_2737a72de6b700f3,0.08802330277466654
ck_c35e03b0dd0c3454,0.014794524372581599
ck_e0571312f395cd94,0.010623333865716561
ck_09fab6b9825001b2,0.002471366607904165
ck_18c3a095606209e8,0.011227376367415899
ck_2a97db9377d01e36,0.010506104058708773
ck_f29dbbfdd2786bd1,0.010748525774495404
ck_35d6c510ad29362e,0.14478016843170974
ck_5468fa99c945d785,0.010827079648346678
ck_6f8102f62c876cc9,0.031290536656620516
ck_91955aab3424ad16,0.006898416670375776
ck_9a43c0c73a39d759,0.025749364682956973
ck_60b023af6d1e30bf,0.6803863916730009
ck_9704c5cf8659cedc,0.025883397420603665
ck_7e5f02b51b9f78bf,0.03505244446846859
ck_7d3a88d1aa649708,0.7893947501078163
ck_8250eddc1ecb07a0,0.038317450867629575
ck_d979ef95ee44023d,0.021837620181629012
ck_5e5461dac83531ac,0.023190011277364832
ck_d1bb8890081e0a31,0.0053520819098935276
ck_32246c62640648d9,0.0025376008515914884
ck_77a40c7d2f862a32,0.029852433704470015
ck_1c8b94efe9238f5b,0.0035944796399960885
ck_eaf3b6d11bc3cb11,0.004380494686698988
ck_a4a7ef3ad799c380,0.0158687242666603
ck_d5bd8f68da073cd8,0.03387959909472294
ck_6e6258227fc8db7f,0.002175273196713242
ck_c35d444e05799db6,0.033308459232414045
ck_74665e1209140ae8,0.037084350227453815
ck_353a272478f7e903,0.009780609217617241
ck_a2c9796ea229a4e2,0.0029597144878936157
ck_e0171f91cb3411fe,0.013321867894074697
ck_703499f5410280f7,0.002139412677936035
ck_ae3a763997f8f385,0.06861080845432095
ck_f7ff94c3df5ac874,0.006030209532505454
ck_f3c16d8f747db046,0.054452952071130996
ck_7ef019ed77276496,0.0034539606684510925
ck_d6a4faadab58a3de,0.006053657435359462
ck_ba7b78d31d74c794,0.020551912610182837
ck_36287d063350ce9d,0.012170941253576619
ck_5177fc7137ff26ce,0.0019871521613319815
ck_dfd4e79aaa967b63,0.020959557913136286
ck_fb44d15fb93a7157,0.06880207091285402
ck_fca478361870a4ca,0.0156258996895037
ck_e57b94fe57341058,0.03276365421272421
ck_5448c946cc4758fe,0.014698390132321326
ck_c5ece5ffb8800ad4,0.009112837312544263
ck_11cb98211b2ed134,0.9459755918648918
ck_f655399ac75c4450,0.01488393760181017
ck_c817259019588d30,0.015979951612495862
ck_8740a14d8096c6e1,0.013182202560267685
ck_0c5ba86f4e05b38d,0.02634428114483399
ck_ccc917533d4b73d4,0.03088051284172691
ck_9eb80edfa43203de,0.006649095019611844
ck_d1a1cf4cf61d6801,0.03488842867004649
ck_b17c239f160e6017,0.0065755185972566875
ck_410c3e13b48e0415,0.004354421856251767
ck_ab553954435e8854,0.7925166969133665
ck_bdbb4230c91e1604,0.035734990519127846
ck_8fd4937eadd64fb6,0.0036487357716750816
ck_e0e90b196bef3c11,0.0026519915495712212
ck_3dc4d464386f0eb2,0.13404114203922723
ck_51bbbf8f8e8ad005,0.9942404820175393
ck_c05737ab74cf03c6,0.07521339308205899
ck_dceabbe04d99afc2,0.0023750306447567378
ck_5b86fd14e85bc9c7,0.5515463147322537
ck_d4febf0083800424,0.0534188077366462
ck_77d9f86dcf251739,0.013499696728587422
ck_b4dcebc543deaafb,0.06549386021735659
ck_cb856e75c949b0cc,0.0006408688111476858
ck_61b067de8ffc1ca1,0.02207935717507331
ck_c0e8560ccfd9dd9d,0.004944485479527192
ck_173e1198c341087b,0.0026459303073567125
ck_b4d55bc809000276,0.015733988398689155
ck_839bf139296b5cea,0.006900029689392391
ck_78cd402a2a4f2e35,0.0036241445933285887
ck_c2925c50ebacbdba,0.004233444953750529
ck_5e3bc76eddbdb0a6,0.00278095230626513
ck_b7793edca26fc512,0.012413097815443678
ck_d79bdf04d6f31cd5,0.003935088307032405
ck_4b97d19ed946f503,0.01036444604936384
ck_37139b41c5370523,0.027896809042537954
ck_8c346eeefa9ce692,0.01587839164047296
ck_2ab7eddee2d8c49e,0.0075955326914673525
ck_29da59ea3bffb9d8,0.22880820549329509
ck_c1d05ef0ec6e4be7,0.01187254694988866
ck_3882423b449f6291,0.9171566721615044
ck_5647030283171ed5,0.8124798371661783
ck_efbdcd9c181e72ca,0.00908093372447696
ck_192fdad892782daf,0.09496791742371283
ck_0bf2e13b9f2601ac,0.027086661512354077
ck_3d6046a533057795,0.011660542852263043
ck_279a1d3a3836e5cc,0.021287468626009623
ck_c375e929becde422,0.012490865052488448
ck_a59e90219939a1f0,0.004125812428329302
ck_4e9fba1ec54c3ff8,0.020656643007661478
ck_bcbd8588a13f5eef,0.0023426485804242665
ck_5f9a7ff990341bdd,0.0036367316884574974
ck_e0403d507519b7d2,0.0025279265632431776
ck_c9490cb61aff5112,0.017501140249393077
ck_41dd44308e6a665a,0.1570150172202821
ck_76c23726cd7ca947,0.006909772310124652
ck_9be551300209fa83,0.010433717050623974
ck_a98848eec6c9581e,0.03252963267916514
ck_61176dafb33b2d8a,0.7674547217415302
ck_92de019e05971ce3,0.017531228069550604
ck_5d644224135d7c65,0.011291711085976208
ck_c767fc454fa215d0,0.006390941554599114
ck_5df85a8924e11f27,0.029049429502085916
ck_da2729307af06ed5,0.033553745497885465
ck_7c6b577174af7a78,0.006714911509725675
ck_893b8afbe11301e1,0.007921473051150027
ck_e06f6fed020ae014,0.02179728098698316
ck_386680372fb54857,0.004710832040224393
ck_7a7f3c4fe0c9d2ca,0.005317945045902206
ck_f908b527c4db422d,0.042769618188458564
ck_ec2eee6a133e9a6f,0.041237255028707134
ck_d98934f9fe0b02b3,0.005318491075667561
ck_398a1ed77b0130e5,0.007263143969623768
ck_d960af7a55b892b1,0.009302520847489372
ck_4637e54a9f79e2e7,0.0021389051540091114
ck_02b9f418524f6650,0.016856602854925785
ck_d4b23804cebb045d,0.01426321499373999
ck_35b1939c48182a9a,0.011519531291043243
ck_2dcbb71e39d64305,0.02781903138413525
ck_47a884dec960ff2d,0.013877797577787015
ck_71fd8c346fde5cca,0.06831264139017683
ck_98e1992ac8e7d2de,0.07937829250319518
ck_ae7780327e210522,0.013459220020887619
ck_e6c584b4b1ad6d9d,0.008833129269922278
ck_344b2e326a6c3dcc,0.0035455708105992254
ck_9aa899a5230b0963,0.0340101842376854
ck_e48d14d5b70ef5aa,0.02722031756267938
ck_59d380a0973b3951,0.014933665350869397
ck_11318f7c041a5ba9,0.016136002102376697
ck_7061786fe2f22f5a,0.026656122332037662
ck_e77529651c416cf7,0.008986082160276243
ck_7f79878197340435,0.0054865761563545916
ck_b0a0fb0ee9ebf106,0.022348860584657355
ck_70c7679199776a90,0.011876699027464405
ck_b9facd2210daca5c,0.08166937281110861
ck_9949f53c155b8dde,0.007547257690498266
ck_1c607e24f2c4397a,0.029307586795166197
ck_aefd1ce3ce093cbd,0.0017168407614425076
ck_5a29b7018e43280c,0.0025503481432500538
ck_69eb0b2ccfbe5f95,0.01005309711569201
ck_fe037765aa465c58,0.008026846952061288
ck_5e512ef5362a3dd6,0.011226370993021864
ck_544a9e80b7fdc279,0.006905375943686979
ck_7825494e654d5695,0.021539707048907716
ck_f1f2c3c623553f0d,0.0015150107092406538
ck_52730906e5b461eb,0.7633891369839787
ck_01e0689157fe9617,0.2721271742592155
ck_9da82e567074da9d,0.055952965487202196
ck_6a17384072f904c0,0.05403786099428669
ck_8d84d771a21942a7,0.003726087137916167
ck_39638880292782a7,0.009523911799821403
ck_7d51c86e0eec72ac,0.008837297236875057
ck_45f4c821c70d134f,0.4962832931380232
ck_0af3c13ba56ce57c,0.003636214686372135
ck_0789a05e061b2784,0.41417142610714985
ck_6ba091eb42ffa9fb,0.057286143705137064
ck_265accb3c5c32620,0.06566106996581077
ck_179039559ff7566c,0.017511157803910254
ck_17c0a6a92b5765cf,0.007918956261106311
ck_59371c9140239fd7,0.014846535027377492
ck_f9c4f8b4ce2691f0,0.018832559775957172
ck_a2637e4872cf4811,0.182666275421304
ck_1de43fd6c6c22a5f,0.16321895856424992
ck_6e4f31bd108571f0,0.0026593472325485337
ck_da06d97db0b18851,0.005173639551298676
ck_e0346d5081e640e8,0.036188056030419254
ck_c1c7d4e62c9fcded,0.09735781326561202
ck_2595669e421299f6,0.038351006029179735
ck_3b6057d51fd4c7d6,0.02001762982376313
ck_c5f8ab515840a0fe,0.013798862432473037
ck_435cb24538c6f77c,0.046250113948872296
ck_d84b5403da4cea7b,0.02266505582760025
ck_c2b61a98d1c8f6dd,0.6894955415910217
ck_c9dcd92b2f836b61,0.09687619254631633
ck_9eb5b3f5f672c2b1,0.001898908581814328
ck_e4cf189a8d31649a,0.003635888290127069
ck_6b114f2a48152b96,0.0021003474361529534
ck_3fb95862b70f505c,0.03476673622540602
ck_7f780f465c29398e,0.010538514573736196
ck_ee387f9da79e67ea,0.043583821753601835
ck_fa3b1e85d27af2ee,0.04156142592293773
ck_e739eaaa7a1822f2,0.022204764400837438
ck_dfa0ac11fcb1dabd,0.0037593317540608405
ck_6e8751b571ea54d1,0.01683061643321732
ck_2d695f8358383092,0.02165151652498064
ck_e7dce27edb700f27,0.010055301025453612
ck_e322da8b213eab52,0.00557972824287138
ck_d0b32e039abb8200,0.004830499614335677
ck_b354003302b272ca,0.004782940079728119
ck_f7485cba392bc294,0.2456744665562643
ck_d6a290ff8362c7b9,0.10193820449069498
ck_c56a44fe315c0389,0.00874727076726596
ck_f77dfe6512eae322,0.0375037094461362
ck_35fe969c58b9e70b,0.08655050368195215
ck_4c518637db2322d5,0.09847486925823576
ck_cb61902798ecc4fd,0.030931449073450946
ck_56e6cfa32156a916,0.003835902122017548
ck_343e6ed2b9d35c01,0.015044343492749308
ck_51440f64f7250ad7,0.06791566568958897
ck_295bca29c34cfe2e,0.03850519100803039
ck_dd30558576b45e7b,0.016668661290324505
ck_3a30132a57181fe3,0.04308580165140227
ck_4a733aeb833406f4,0.012798409389466584
ck_1b0b7c3d35ab1259,0.036406699043830655
ck_962c3bbf27cd4b80,0.07373868964853558
ck_9528e1d6b1707870,0.016916499383485634
ck_b3263e7f31aab45f,0.022446477473257814
ck_e69195a3c885053d,0.0017926399456357025
ck_a907fa8795cd4baf,0.007687777562300699
ck_205c3405045bd835,0.006229844444500213
ck_e81fc223bed3c46a,0.02368293552978285
ck_363751deae40edfb,0.14784402150377424
ck_6176baea8cbebbb6,0.0076209879557460865
ck_633e6579f5c74a5c,0.711428255753191
ck_ddc11fc481eef58d,0.026709185648262426
ck_e975002c979e12c7,0.06532482373393868
ck_8e039b23acaaac00,0.059561952319309455
ck_1d6990d94a4d2ad6,0.016668019265390098
ck_e7b583acaa3171a2,0.03738141784186755
ck_c0133f60d39b2fb5,0.04725227288229658
ck_7d6bff85e7a694bc,0.004553167379526789
ck_d305b4d82f63f647,0.0022822469351691833
ck_22bd0fc71f95e048,0.0437486353261876
ck_9a65fcfc7916f93f,0.004247665325624179
ck_d61c837b0106085a,0.08192235735721388
ck_be86a1db08dea456,0.014562404881981952
ck_90489c405e6886d8,0.0022225703195847216
ck_0add2c321d579d75,0.016627370391188202
ck_482dea6eed92cbbc,0.019854160932228446
ck_c24b47184534cc2c,0.994928158347536
ck_fa04ac31e596e7d6,0.020784274920378057
ck_084322dc5a3a86f0,0.012875862489503362
ck_ccb72a33cc1877b7,0.014010562732302546
ck_afaf374009d3b248,0.013317497003248196
ck_b53084ffede19a8e,0.005080601373217583
ck_4760216154c8cac2,0.6730531382436122
ck_37ad3a65db673e70,0.007904462129811846
ck_0c2932cc0d553694,0.01446903462061802
ck_86b853c52f20fef5,0.00459424407045292
ck_38703b7546d35a80,0.05408394190650412
ck_218b7e6e6dbd2da0,0.004929497894442852
ck_402db4184982fdf5,0.014374878374738905
ck_f917c82af80e4a79,0.04980366251089354
ck_3c6417a233c68c73,0.05527393965834109
ck_98068c397d70dd3a,0.0294027073402276
ck_b1cbd6679c0f8d95,0.008459176886858343
ck_9e962f9bb0e7bac2,0.01825896425654619
ck_b08247c3ad567d92,0.40214976254153556
ck_3ef7a03ebb81cfe3,0.0016377447914455152
ck_5d7ae0e3562e99bf,0.1042583741789214
ck_c91a628236baf91b,0.05135723231254285
ck_7f8e816ca51755e3,0.958878344775847
ck_5aadd286d188f5c3,0.010337715792694225
ck_a037aff5f8128c73,0.0060792204648310545
ck_5df6529ce8290906,0.010415475063347737
ck_5f3609511443e5a8,0.003306703767545832
ck_a6f61864fac3c8fb,0.006680075979497569
ck_2733fc6ba23ae46e,0.046646187363784675
ck_22bfb9246646eb41,0.5347565261827667
ck_bfc2a57d8fd1610c,0.36145435480847665
ck_49839e761d0e74e9,0.005932349274089738
ck_aa4ba931dd37481d,0.002629348557712967
ck_2f9fa0d61829f815,0.014544175923149981
ck_5b82c774df10d49b,0.0014211427743351338
ck_411219470d0a195c,0.014827379294684714
ck_d07485ba10514a2d,0.36699369043263175
ck_219bef979ee21bdf,0.0024725617894830695
ck_eb1006e7285184a6,0.035289790099901505
ck_fd242b18575e3063,0.037016760224543276
ck_95188150ff059c70,0.019372408621167785
ck_a9ca2f447b984a6a,0.008599909957983237
ck_2dd39723c4088b64,0.021332422320121055
ck_aa2b4c662ff213b6,0.025864639008919218
ck_1867b1199c864db5,0.0802751948861753
ck_850ec97a5a0dab9a,0.07588433472302802
ck_562320295fa35875,0.003852410692462142
ck_bab5759b07fe2bea,0.014188196118203603
ck_b9f1465d803e57b2,0.07226760816480486
ck_8f21f2690c32c691,0.1031785712041997
ck_df87d6f61a63eb21,0.018972977955323145
ck_770475876d0e7e6a,0.006298616494687178
ck_b4c014d5c0cc9eb2,0.007930404871205759
ck_3add4d23124c9290,0.0055656483663522344
ck_bce5b7fecfb6264d,0.3297058865523261
ck_604c17cb97dc89be,0.08036703167919179
ck_e52cbcd9aafd26b2,0.005080573376303539
ck_0ac9114076f5bf3d,0.015367326558300228
ck_dcc125b178b79566,0.001713348601546353
ck_4e333c09f0c37dee,0.027461321414966197
ck_ff7e31ff8ba731e5,0.010897793258150986
ck_8d0532d24f1070d1,0.0023418430379607224
ck_3689fa41748a6f6b,0.11571455809789849
ck_7509eb97c1948b16,0.012844253390894457
ck_a9161cf1ca22a6bf,0.009081711185491484
ck_bed3e3db135b782e,0.011740430500434407
ck_9040edd974ef8e3f,0.9477155578408577
ck_fac32d76ed40f683,0.009990959629363813
ck_3d7b1078e2d57c69,0.009431644914820935
ck_dae09c4e074af5dd,0.022944640552372747
ck_fd84507228467b40,0.06121701166449049
ck_e2a2ce9b8cf44c63,0.015767959298592708
ck_cbe716f351d660d4,0.011862183678753436
ck_cba4162ef29a6d27,0.015992279895232952
ck_4f1e962ff8a29732,0.004279199932945667
ck_39a81899dded61e4,0.005740370201264695
ck_25382331551d22a5,0.04261404362827017
ck_6d64e1c07b19856e,0.005457376137876168
ck_165a868bdef28ad3,0.047821760132267584
ck_88774ae52e30e877,0.015469900426901897
ck_fc7a9d0643570053,0.0019822134657492786
ck_c2017120b3b88a46,0.019831689076572838
ck_d115ac6b9fd62a7e,0.009962640019790588
ck_439cf7d51ec7de0f,0.008642004843933774
ck_2468a7e9e68a0927,0.008356368799369223
ck_7c418947124dee8f,0.08579857099637607
ck_fb0cf32c4a56f740,0.027725914551984688
ck_694eb6c43193afd4,0.04204163205455944
ck_993beb188dd4abb6,0.013996802449062392
ck_77fa39d3b733c226,0.22197028703240307
ck_49969a9abc47cb69,0.01287328870229381
ck_d3f44bbe2f7e9b2d,0.031113161778318712
ck_fcf5b8216d0c18ef,0.0023374741079544006
ck_daefe1e2d2bc362d,0.004814287225664601
ck_9c9287cb28950eb6,0.014281109333565434
ck_c1d1a625b885a975,0.026896289394891106
ck_71b37fe47490b4ba,0.0071227378731833334
ck_5d16e257c0635f7e,0.24180929898202
ck_15918075563eb074,0.002201732370487223
ck_9a15fdefc47e8d11,0.03002792902793876
ck_6f04d047d1dde75e,0.002194970825959383
ck_1af2c0b3b8d202c1,0.011322811165005834
ck_174be2231c5fd2b6,0.0028771368166900387
ck_bb0713a2a1d65982,0.015436155610211054
ck_0daec63bd5b0729d,0.0338544997927714
ck_c0b5cc3e8ad2ff44,0.08419007164274243
ck_35bee1fc12664644,0.21531351379481917
ck_a1c7cf63467df4c2,0.007265093812252141
ck_ecb1e15f0b185ceb,0.04145896019246071
ck_f280d31f54a4710a,0.11332871193882646
ck_30f4b2ee8abe1342,0.03282801817968373
ck_66bed631354de5b7,0.03259028828001326
ck_c2d3ecd7278eba2c,0.004266484811196046
ck_e901dec0e09eccbb,0.00700155584622411
ck_5d038ecb3c8748a3,0.008481395343039112
ck_283c5bea94b21e80,0.007131490927433306
ck_7956c251b85f009e,0.6691194515781129
ck_9f5f81d771146aa1,0.001493010588517298
ck_9323e6fc1e168eda,0.5767829375520954
ck_10495d3a635b8d69,0.044318204327776604
ck_1982d571cd36eb0c,0.022332079124705674
ck_4f5d7985bcc2eda4,0.003283863475068569
ck_7df526b2b4410bb4,0.05603913497103606
ck_dbb498b1a346a402,0.0026278015964851346
ck_ef059997563e3330,0.011407426055049201
ck_02ec4e06709e6b82,0.0022988442630762725
ck_9782c86ba6485f88,0.002304196482059888
ck_d69de468b44143ca,0.007250334024999464
ck_6430a8792f400e0a,0.004292228231160169
ck_8285bd3c90af94f6,0.00920745073923254
ck_985c9ca112000e9a,0.02734753652860576
ck_e679fbf4f4f4aa07,0.00841395917792375
ck_016e8c8eaf9d511b,0.02799003592289807
ck_bc996c523944644b,0.02355315107111968
ck_5b8315726f6204e0,0.014693535510250735
ck_78181f8e998e442f,0.003041408727049336
ck_71c68dfd011dbbbe,0.4744099037409781
ck_db32c95ce2b6f502,0.8382938481444515
ck_755010362a9b1bc4,0.004981269383571658
ck_114141d85256c9ff,0.0013024072032251457
ck_9d1a5cf5a3b87e48,0.017964886465791575
ck_ab640420858ab5c4,0.14366922631366
ck_97a8dac48dd62488,0.25104721626397103
ck_879cc3166fe1bada,0.002682721891587145
ck_b0ed11080076e381,0.00576090943656877
ck_7334a9ec656263b2,0.0077470244562211354
ck_6494f0ef13ce44d9,0.010094673844305896
ck_724e459b9ece38f4,0.05845588655036546
ck_7fd8b1470401695f,0.38682378501723363
ck_292f81186358b0fa,0.015427313941501916
ck_fa7de64d37287615,0.025814179441297793
ck_d00e09e66ed6458b,0.13824156961356765
ck_b8d210e741be186e,0.0035693259352003884
ck_3db59982cbae4410,0.02978397842460424
ck_69887d0a9aaca6df,0.0024364838670230832
ck_4feb21e2fb0b3977,0.009641156715687976
ck_08c6cc1e143475e3,0.004780476189024429
ck_fe6e168cdbb46b9a,0.09003196398417483
ck_07f1734be7fac56a,0.03654728360810166
ck_d66d59981307db93,0.02867170005219165
ck_f928dba0d587d7c1,0.0015047430108564579
ck_786448fe3004cbd0,0.007217720025085027
ck_29ea329fa40ace62,0.018468789608882173
ck_7ea52b6f27edcb73,0.047402079725470045
ck_18bc51bbf3ef198e,0.03802250122038778
ck_44950df09ff14ded,0.0026406464300723132
ck_c1466b52c0a10b93,0.023677405013659152
ck_6cdac067cc4db5c5,0.08182372836411084
ck_53f55c6e8cf2d432,0.0029372939113239123
ck_95945f48453ca532,0.04006448081068134
ck_87cce4126e215153,0.013332527544469666
ck_1ecd5516c92caa4f,0.0018200337810130472
ck_819b482bca14c068,0.34501454340539445
ck_a61a879dd46fc9f2,0.01444679764629526
ck_af70aa32c009c3c9,0.009739443202273997
ck_f4fe78e249092ab1,0.02542219752361407
ck_12c46bc52bf45b36,0.03221858057185275
ck_f05f5e4b40afa52f,0.06979121562753669
ck_0f8cb09d3f4fc980,0.08126742331090771
ck_80a64a7f0275a71d,0.009837807149474314
ck_683af7b1540a0b22,0.05410428638910846
ck_51fe0b613c076cbe,0.010402077586624401
ck_da1a2450219dcf19,0.02312113727522334
ck_2a7eba01ceba6c2c,0.03917316729077413
ck_4e329e29dfa743ea,0.4727706649258178
ck_0274d881d6db82c8,0.005339321640864477
ck_0af5b7d128035b35,0.021995074561959364
ck_ae0a7be6b0a0ea68,0.019965306665800982
ck_de5bb7a4d091386d,0.2429611199978357
ck_2bb7c17168a9d17d,0.024130176188829885
ck_0ffdff7b2f5fdfe4,0.01303794766587284
ck_718a8390b3d42d7d,0.010741212761425502
ck_7c4f12d70f184533,0.0019383692852468755
ck_d3e2c26b8adff099,0.026356822444645524
ck_ac9d3d9754104cf0,0.003048427911537619
ck_3b1766a1d51f8f0e,0.18347449979535813
ck_a9bf75bea912027b,0.05594827759138421
ck_687eab3ffe1f8cfa,0.016914648055861153
ck_25dd0b02af5b2f37,0.07718198069013195
ck_1747fcc466f0ae38,0.001398586758381135
ck_f6e9d14dfb6f3c28,0.03918329277833692
ck_c6a7bbd0adc4d5f3,0.024010578319018663
ck_46656a23f4456d22,0.47746948810382545
ck_7519260415c2998e,0.022765416101982867
ck_754f30ea19df857c,0.032084896977571144
ck_ba88a244d5f7380f,0.021685259683020236
ck_f268416945316815,0.011681441391784156
ck_21860dd2159dff28,0.007093619823637152
ck_7a86ef4e2beaec38,0.0017570389047324698
ck_0414507baeea936a,0.01728708041276158
ck_60796eb60fc3043e,0.005252626968416782
ck_1e0841ed17fe0562,0.011235339769879723
ck_0d641d32658d6e0f,0.010061212729852165
ck_b36086ae6d87eec1,0.01347317780661053
ck_962e65ab33b5c311,0.9315490838992142
ck_b046a42684468e63,0.014690923710328124
ck_ab3426435b0017d6,0.04079277592300681
ck_fcfe06e44d09a344,0.01071556493215917
ck_0f6d916c92189516,0.023163055615469875
ck_d4c8f0d957c3965d,0.03162748442151381
ck_2ca83dbd728af019,0.010723511819112073
ck_2857a4ce9f72fbfa,0.0010898422215143218
ck_a60e6edc48e3d0ac,0.14608566752949878
ck_0cbd3b27063d4415,0.09460959793456786
ck_612089ec90c37219,0.007699722494914169
ck_ec4e597f17f473c6,0.011653897349683936
ck_1c93cc58f314bf71,0.019883704919581517
ck_2b359a979520276e,0.012014872087819643
ck_1496568ddc3b2d56,0.01930887046103231
ck_41d91dc9f5063566,0.022052596131761474
ck_4c5ff58afe3d7a67,0.0037828618271813167
ck_81709736281fa3eb,0.0022543360342812354
ck_d89abbab3d4957aa,0.017544693747494147
ck_52453401f88935da,0.021983344548935878
ck_a477654d34783e06,0.0051788025105644455
ck_72dd0dbdf808cb00,0.05288494243282943
ck_c183dff3781746cb,0.09379776967049398
ck_c8b7f241810b45e5,0.001458950297513621
ck_f88028c3f306bc70,0.02820045041039244
ck_91d48d69e4f5d9c2,0.006374653307411141
ck_b74b9ba6d7c9aab7,0.050180176268051185
ck_03e904682dc73bba,0.012729500237974792
ck_fc6fed6ea96a004a,0.008507616225221304
ck_51efdd240e34c642,0.0655094797851872
ck_e78ab4ff52b5fd2d,0.009080686162710669
ck_4af7b97c24d89a45,0.042612886136915565
ck_295c0072eca7f7a2,0.004024969780999537
ck_8abd1a50a9227463,0.057177995292717256
ck_ecaa6f13304e3dc5,0.003486876037191969
ck_de436e7b319be1fa,0.9818822200782451
ck_c802cf8f61466027,0.0036529957844492348
ck_3d83e0a3c1cfbf8b,0.009396429661192638
ck_28d2003c2d16e4b6,0.0019814641309737636
ck_8ddaf745bbb9cd62,0.0017913909843851744
ck_493b6256091014cd,0.05650186505137025
ck_a2245822cfea997d,0.005605640250411475
ck_f7305b3c64cf8a03,0.05369217116177316
ck_9937dad93a0ed3c1,0.005021023300107265
ck_d654449f9231ad76,0.006610520934054767
ck_850e2b59bc535490,0.0355997842863008
ck_e55e5bdfc0242aef,0.044153340570354846
ck_d35c51e981b98c5c,0.009223705920768327
ck_27cdf9c5e6f0915b,0.01882869084573805
ck_d328db1e1052d820,0.01154229914570724
ck_0ea30eff5f361cba,0.00851402459718405
ck_9994323f97109f4b,0.9669868903602867
ck_09054e97bdf9624e,0.005904960734390209
ck_723b4afc388113c8,0.006901819748869184
ck_588f6e6a6a6d93e8,0.018111190547758026
ck_e1d563fab4d6116a,0.018439854627043777
ck_53aca610e20598bc,0.019568940490671535
ck_c8131ddc7ed33448,0.015198302785625877
ck_899f88464305824a,0.017976735060598832
ck_1c17c65804f8889e,0.010266540591419751
ck_45a16ce12893cf9b,0.008532610422177721
ck_f9d481aa4f9b2808,0.813366027692762
ck_1d5d74169cf892ef,0.024803199924017128
ck_aba32acb61c1aaca,0.029257294080318526
ck_ec4dd3675a8d28cc,0.007433008312802223
ck_5dcd443fe0bbdeac,0.0051887830208306816
ck_3a47e3f54475e854,0.004567014477515594
ck_a9aa5c344c315532,0.01970801574631288
ck_9652283c9f61fcec,0.00372715372481032
ck_752dd3d2487f78ea,0.007777774115850317
ck_a821980ac4db9943,0.3299247485132148
ck_93e0d6befb67f7a1,0.02416642758071571
ck_e7a3881c3e36bd51,0.08312866145302338
ck_12631b78f8a03df2,0.002466162304191167
ck_57b8226610b48854,0.031003546801082124
ck_352657008983fd4b,0.025086918547360317
ck_0841a5c24fd3dd28,0.026542264908740808
ck_db9b9d5d30f74070,0.10868941904175264
ck_a9dded7f6294e44f,0.03439263882926758
ck_91a16336ce3217dc,0.03005009402184358
ck_371bd9388b287677,0.001961778919830942
ck_f285e5e1912a7c62,0.005668367103470025
ck_368b65fca69fc415,0.0718028423222577
ck_d27a73596b6500c2,0.014307224920471416
ck_2d963f9b2c4d11e1,0.03898751734174117
ck_7c500e219af39486,0.0045986613323619275
ck_7d025dea5951cba7,0.00710516626778748
ck_32f632706608859e,0.006693899111930121
ck_53816231f3ffb48d,0.006361151022446874
ck_9dbe184e81c1ca8d,0.16347891760182295
ck_d74123617f22a21e,0.005176666669968108
ck_275386782b1606f8,0.0046924617972698545
ck_0b0e79d33e50cba5,0.004416047518379004
ck_ba93cb604f792915,0.03266758464151692
ck_a86cd653472eccbc,0.010614769257260463
ck_87771861e0447210,0.15954786131447066
ck_212380e0371d8a6d,0.027497088704722325
ck_ef0d702d7b0ed745,0.002324124850579296
ck_2b8f33e22f939372,0.7464746689976675
ck_480347ad92037105,0.014049955836734863
ck_20124c3a16c53ce4,0.01829621140273684
ck_c9e1e3229baae708,0.013655943098721634
ck_b1befe967f7a5ebf,0.04273562330346384
ck_4672167d7c989bbf,0.029931258555406057
ck_f0c44ee5e3a42e3d,0.043576626618210934
ck_c416357d20238a4e,0.0378633552589884
ck_d0f470f8078c91df,0.017965611216342672
ck_3a70b4ee59084715,0.009839861141434094
ck_179ed66cdfc1ce27,0.009476883169986258
ck_387e5a7f163c7837,0.02505734659914313
ck_08fb463e69f647c8,0.9856172989695804
ck_732f725747393ec8,0.02580212362610199
ck_7cc5e0fa3ca5a713,0.005198841399664361
ck_ad4a4daa826ac68b,0.06660881483801297
ck_472e0be7a3b533bb,0.01642445577219507
ck_7190177963eafdd9,0.011294120296245233
ck_647ac26c5900f082,0.0067213414806066175
ck_272ae2179bbd8e58,0.0070124145752430206
ck_09b0d8af304646bd,0.001069069174362066
ck_ca0cc8ea9f344408,0.00843663084572079
ck_332ad134fb909869,0.00807084956711665
ck_fca2798914627dc8,0.15134630608569644
ck_4450b55f462ae134,0.004700974960930273
ck_d67d9dfb60b286b9,0.001907071148421304
ck_a9d2bb4f2bde7052,0.0046947512689914485
ck_929bcae878a3ecb3,0.3764965832907019
ck_59a9e000fa275e1f,0.018565974866490472
ck_57f17254e2688637,0.028599480209558256
ck_0508908697f60ce3,0.26014400870792703
ck_946afc2943298d26,0.0085112865526173
ck_7176d12b18f2cc0e,0.0236836597982345
ck_5c47b49c26cce286,0.039532354297005995
ck_b6a2bdb2d335e1d0,0.9797154237483282
ck_1d58f6caaa4d012c,0.021241987620894555
ck_71c917295020ccc7,0.00598549577615967
ck_bc89644ae3688995,0.021156334943059747
ck_e7c212f16d6df272,0.017175654290918656
ck_c6d2e11a368184e6,0.005723727967666806
ck_eed7f1f7548df15b,0.01491654684971054
ck_75b69034000ca7bb,0.023602089780174185
ck_38da3bf629458682,0.004038482295936306
ck_90114c891239d821,0.001461751649625959
ck_8ee08f6777cc155b,0.02301509448065927
ck_bd86132499defcd0,0.009581578965876959
ck_b95fbf2b5640aa82,0.008006155028500571
ck_c530235393360e3b,0.010289030195098234
ck_be52a7ec43241ba4,0.03678237317793877
ck_d96eb3cc55f2772f,0.014865599635365214
ck_dd34f0a844fb115d,0.038152562989902626
ck_17cc7b411f448e66,0.022165213484454573
ck_856ea65fa27d06dd,0.016756555834253267
ck_056d5f0301c30902,0.04411097480229479
ck_e662b14b2bab23a2,0.19857799076320867
ck_209f574c8d92274e,0.005656231243903924
ck_62720b81617896cc,0.011533014414557459
ck_041614694b77e599,0.007929668154937078
ck_461e3f7b97db8d16,0.024062748193791356
ck_1b74b798eebeabdc,0.015538116349262126
ck_0ed2739384f1d644,0.010298453945683633
ck_5a4d19f1b83feeb8,0.006898969481532038
ck_463937167965a1f8,0.018655610378604665
ck_9d7151dbdf100e0e,0.041154140359738224
ck_20a7d1ce6cc27312,0.006277524171576402
ck_6031211ff118cf0f,0.0067805622509777815
ck_a6fc92aa91e99b77,0.845820828972674
ck_0aaaa9d2f75a0518,0.010121758132363252
ck_ec26e327cc1848b2,0.014467879603786274
ck_0e6bebf8ae9b9b03,0.02126698678278904
ck_e107537a4cb738f4,0.0055850719075587925
ck_e8ea56e122a5a487,0.044725389985379935
ck_98149ed45d38c4d3,0.04040164050219189
ck_0e719b3a6906b8f1,0.0011066773935116388
ck_0c6e7bd357e4a348,0.003795525376785487
ck_d3b2b250da61db19,0.9001214029632347
ck_8bb6b0a292754576,0.09700697482468468
ck_87d70f5fe48a6128,0.01917443221541856
ck_ea9edf9c107d429f,0.014740728025960487
ck_059806c52cebe4f1,0.1191186872893663
ck_a72d6df666e1c21c,0.00931943928343652
ck_1d2b80ab6c4944b9,0.00894684390700082
ck_60557f077abc42ca,0.05144598655359517
ck_e5f5cb7dd6ce4a37,0.027393492964462265
ck_4c4a939154446053,0.003553479937593724
ck_50ede3eb561a202c,0.019286017374623536
ck_6d03a542922b2ae8,0.011979129122156052
ck_d6fe761ed0db3270,0.021706755344830953
ck_7f0cd6ea3096f985,0.010165325851108058
ck_23edb6d938a3b87b,0.009675194460709195
ck_799aaf9f2b9ef621,0.008162618708854003
ck_f8f6a03613b6dda8,0.011265555649246705
ck_7cffb189f4f514ec,0.9209433108453386
ck_c081e1967dcd811f,0.024411929526148998
ck_583d6ca78c97d91e,0.37542795706975546
ck_9332bbc7125219a7,0.0050146014392050044
ck_956b5af6d7d86c65,0.7002921010916177
ck_2d634e3f24681c0f,0.02077997231353279
ck_7b35d218ed0c5a60,0.006707076371865484
ck_ca5b1057f8248f73,0.022143877021673388
ck_ec5ea81cf813597c,0.01771762699779195
ck_eaebaf4d28400fb8,0.019922052595843627
ck_ae2ab6be219219aa,0.004599104005639277
ck_d99a8b4c820eb46b,0.0043026307999159295
ck_bcfb7ffb7cd428bd,0.024378514384282953
ck_3dd542c2d31be2c0,0.022191565098423956
ck_c7dd84401e29a7fc,0.004541180702133186
ck_c4bcc7cefd40f8e2,0.002152324218129325
ck_c251898b5d51e3b0,0.010704567773583713
ck_36d37be780c1291c,0.0032572222091233637
ck_99b4f266b61ae7ee,0.018261692652612755
ck_c37f03995f0f0169,0.0018927216298629385
ck_65a23ac8e44eb901,0.01896008335419672
ck_644b1c1149eea9e0,0.027878874343028895
ck_9cf44eb0237c2429,0.003862320372086596
ck_20541686a94fb71c,0.027560549388604666
ck_c18245be844680f3,0.009698926089689199
ck_56de216eda6b7fa6,0.001267521075218956
ck_406c4442dee45cd1,0.002095207027637942
ck_df1585c7d72a96e0,0.0062014393732173845
ck_b8e8dba20676d87b,0.05341458511551503
ck_0ee6965e68efc177,0.041464269029827784
ck_c2a5c54ad8d0d297,0.009682570372695444
ck_bf6fb7e6470e95cb,0.0013291783236488088
ck_27fa694569140345,0.0026290093686132184
ck_e04166b0ce66393a,0.005765356526931623
ck_8742114f4f0cb22c,0.13341072479608354
ck_6eceeafd56b42576,0.19350166603654081
ck_34f9951b0eca1965,0.02203832468302447
ck_384ccecd342a24ad,0.0031696383052606716
ck_49c98bebd1338879,0.0026168654991453816
ck_6c26c12071c91ff6,0.009977150340998997
ck_01e5986ebb9a78f1,0.017389437355576614
ck_121db7ba3be29ee8,0.02693746580525817
ck_039e6d5a330cea1a,0.03780819941263278
ck_ae8c9163cf957d7e,0.06602924349885725
ck_3f5e8f3f1df0c8c7,0.09119763045975594
ck_b1c51fdafcd80122,0.03017944281133082
ck_12e2b5ebfe8986b2,0.004553007466813453
ck_d55eb81a4d543c59,0.02450089072458325
ck_f85155ca5c312c7b,0.010697121774686092
ck_133d8a1ac7c0e301,0.9928906198421327
ck_04212a9bb9b28696,0.9936478986567555
ck_4cc11c7d3ca61f73,0.003775804015236315
ck_2df4854186ec515b,0.03288321672145627
ck_aa9b28e7fc43af79,0.39748846503479124
ck_47cad6c3def4c9e4,0.0025109947291922633
ck_fbff7b5da8111567,0.007158070366165297
ck_bd25ea782e375b22,0.041813534507144805
ck_7989376f8cf64a9d,0.009099850329448147
ck_675c0ca1ebb1051c,0.0032331768214579793
ck_1436f6e11d4008f9,0.029293003460522337
ck_812cb3a4482cc618,0.011260177234246927
ck_6e606f73a1094afd,0.009649282016324515
ck_1b708e2a4a0584dd,0.027399145978228283
ck_a60d6b324bae0330,0.014662437467471692
ck_706a4f673a9fda3b,0.4728564387522139
ck_a75ece9a9044eed0,0.003104456046983336
ck_9aa45c4e03c8c57a,0.046631315179440976
ck_9fe9bdce982b312c,0.06480957305550263
ck_c6fbdc5ba68a8466,0.015655391806264553
ck_ed0cc1b1c28f9511,0.05895596329605026
ck_a4e2607b4c8021e8,0.0023601639873725056
ck_e02f93f51cc8caf3,0.004833926408938797
ck_7084ed3cf20781b7,0.03110793880218263
ck_cd4c63155570d6ea,0.00497519320007797
ck_d1b9e5d32d2d789f,0.0027428914842350625
ck_68f56f6560a7a933,0.010346647007855918
ck_8bedacc6233c6269,0.01736885648812021
ck_ab7cb50407d6b13e,0.022860446580968998
ck_f17ed7e0fd687742,0.0690005542489932
ck_b0fe4b92fc70f72c,0.002217993178876106
ck_84d62b8196da2452,0.010705998719784261
ck_9e298cae167f4693,0.0024060721122648996
ck_405b20ef9ad0ba5f,0.22060778610712745
ck_813e02e1ababd177,0.008503490464666493
ck_f234ab47061ba7c0,0.0022014520546436746
ck_22b587c18363899a,0.0068436301181615845
ck_4e862c2f48c38aeb,0.00392260724997971
ck_b89cb90a420c9075,0.01756130307328424
ck_be2251640f27a3c9,0.148687630939092
ck_46bec0bff167ed3f,0.0292629884050971
ck_c0032232c2868328,0.008532941419938432
ck_030cf09525dba4ba,0.004494505532092168
ck_6ecf56236789fc09,0.9499069341461295
ck_38d4ed52cbe6d123,0.03953018866686694
ck_2d923d957ffd4d53,0.014490609576461458
ck_3af1eb88728ed8c7,0.03698531183803722
ck_2f8120ca80a1592c,0.020390100705075465
ck_6cabb1a133f0b151,0.018092220329880115
ck_bb6cf7e7b707731d,0.8238112880334665
ck_c8307fecafa90140,0.012943349196646338
ck_75f968be67f46d24,0.027752400176164888
ck_df6fe4ec5a233213,0.007929561900356635
ck_b53e88c0e927d896,0.0010421763635316734
ck_f0093064aa28f4d0,0.03640174621788128
ck_ec9976cabc63ff92,0.003545327319734732
ck_30dac0a58c5590cb,0.06975997191058059
ck_348a525791ae6475,0.04752315833831066
ck_b898d912d1181ef9,0.027532192922864476
ck_f5b1200dc6f95760,0.01839542044360816
ck_54978a073e7a0b1a,0.01255590038265919
ck_55933936536a4071,0.011289811775097018
ck_d6ba7ffd2ae08863,0.013150164230028818
ck_404e2217fd87fdd2,0.0027826896367671504
ck_dfaafdaefa5716b6,0.045498831837291656
ck_556c62e92d4e7e5b,0.07531960907613554
ck_7ce44f4e06d58111,0.1077088282964374
ck_465cb8ce232c7670,0.007236949093847817
ck_237508ca4fb37268,0.017149721584652423
ck_ba4a6b9aa63964ef,0.013770505383204503
ck_4802a0a7a1882c88,0.24452204933407934
ck_9478dfe4114c30f6,0.0036650382401163858
ck_5138f6c575dec64c,0.013362281389289547
ck_aebb42afe430e2e9,0.005748093749061934
ck_004efa95555437e9,0.007475179950675001
ck_11af112667c98394,0.008556862337063193
ck_44e9a18a8645c9d3,0.009802314949607501
ck_2605fd571219e28d,0.002054238731215509
ck_dfc933493561d84f,0.005109798787840419
ck_67674348e68d1f25,0.008167799569481084
ck_dd97429277a2fa00,0.10412219193548809
ck_d3eab7a06eb48348,0.0261947012236924
ck_0b9fcff9667ec05a,0.011622325406178097
ck_fc4bfd6e739bddea,0.005080655188729665
ck_43292f70a03ddf2b,0.022991316727664867
ck_5ff6108056a3fef5,0.008505358318965265
ck_767e0be086b5f601,0.02960027203003092
ck_b8465b1a5666155b,0.0231336522334622
ck_ab2e3fc56f5b3aae,0.006337322918962008
ck_1833c81d693c1e07,0.8907417259890636
ck_0308e0602b856445,0.002209878549048333
ck_ccbdfe744acff8bb,0.01719009925831945
ck_b294aa27a0b586d7,0.0032858976853540013
ck_a3747201f377626d,0.9603680072877556
ck_edde1d7d1db24725,0.03994958158725193
ck_ae3b47d6e1063704,0.017136491490544654
ck_3aabf5e0f4defb41,0.005485856231337321
ck_f034adb57391f3d7,0.09582584149195551
ck_533672fb40531607,0.043647921982789065
ck_2a244f1ae08ef83c,0.01661835397012936
ck_a35d81bcc54ece2f,0.015622318356711242
ck_78a61215675b38f0,0.021412075327946572
ck_e013d88ea7939616,0.0090313080041129
ck_e5018f9418e0102e,0.031805394143614094
ck_d4e024fcda401a31,0.004318509286781431
ck_f736cffbdb82db34,0.0008451673424261985
ck_1507f5aa50cdf3a0,0.012338516354838519
ck_18270fee7c8fcee8,0.004261615307742149
ck_95ffa1a805a1c9d1,0.012481285773843578
ck_11132d245b94d045,0.0037328222310724804
ck_7b93a622e40d8b14,0.01698807512065471
ck_3854c08d17704347,0.026812893497099064
ck_7717fcb100dc4b5f,0.03363598279114592
ck_ba54e0a1c328119b,0.6371946215147619
ck_a7afdac4ecbf2de4,0.6132766387816383
ck_ecfb771ed2352085,0.012137807205595114
ck_68be4fefc85a6b64,0.31548019507972974
ck_dac7c50bd6d0148f,0.028984313411686932
ck_87cf36a03bd63c24,0.12099817118242857
ck_8adb40b168b59d7c,0.02035924417016829
ck_8d2f62930777416b,0.044279760432853636
ck_9958b58da9e3c21c,0.011289021673216599
ck_9440335375701f44,0.0130317598884762
ck_e2f88e202b6f700a,0.0177314416267204
ck_4c7c50684827a2cf,0.005758353638510087
ck_8a6ea4a79b1c7a8e,0.01612327470927488
ck_186dbff4b24a3bbf,0.09984080840925028
ck_220fda3c11c59b6c,0.14335224290464127
ck_3acccc69f8b1fd14,0.026517276569764856
ck_9de191bf79afd676,0.02278672198119479
ck_6de6b1663f9457f4,0.0015725803652652053
ck_062754f8b79b86e5,0.0030351646311725477
ck_aa153a89a52f7eb5,0.015967671975947364
ck_34a6bd3be642f15c,0.027741418619399404
ck_9371c700d9830326,0.024263101913130095
ck_a99e0c258ad7576b,0.008694019246671299
ck_0a7ba51d626e932a,0.01812475049094544
ck_852c50bbba1ead13,0.09697240017445688
ck_43dc13b6b6d31297,0.15096221637306725
ck_7d81b59d615a6649,0.02337070584962481
ck_39a3f1da060e88bf,0.009362842366189112
ck_6fb2d142c09ed3ed,0.023739818146945296
ck_6e5752b87324b58c,0.010028563292974298
ck_9441d48a12e8a4bf,0.11520939990827916
ck_09e9c51eb538b255,0.023688858676420458
ck_8d0cd981ed3a183a,0.010204991673085488
ck_57c07c45269ca8c0,0.012464669195199283
ck_ccfc9ab888ba933d,0.06099566901147604
ck_9658a6ef471053f0,0.006417464594311082
ck_dac3852758f4ea89,0.006097430600527035
ck_b1ed2278f5f14d82,0.031170458792593808
ck_333544d173524f70,0.10478626854987216
ck_fd4582e3853ef23f,0.01671132540004943
ck_614d936cef98db04,0.0046347831002252395
ck_6bc351a3d57aac54,0.007725331551614459
ck_af5842fa7202ff25,0.01414359089094567
ck_81307759252571be,0.007803125805973608
ck_b4d2f02d2cd45720,0.27944863515448837
ck_1bd753a4681946c8,0.9835063543817527
ck_46d8c029d46867b2,0.009879781261838768
ck_b7da6640fa2f49cf,0.13780711327756878
ck_9ea3d5a5a91fef9f,0.04316962848522644
ck_7b922518f667f76a,0.001250327563313262
ck_2a5b31594206eb30,0.4442104311933751
ck_d9506476ad3f9e08,0.017670873138862453
ck_c8791f7ebd4d93c7,0.037149090281393064
ck_b5a3e20fd210017d,0.011027850494865496
ck_8e54386f4fe22cad,0.012929475163366764
ck_75296704f5806f56,0.023977468500422993
ck_0fbbc7a6af300368,0.002687757947898522
ck_d19bf4dc0627113d,0.004009728221984913
ck_7951bd4eb99a0175,0.00103276021967022
ck_059e4fac6b7f704e,0.007815487775032381
ck_2ce8931af02a2ce3,0.008533609289882614
ck_9e665618a4860306,0.0021155335003789255
ck_6fce5a893613fd2c,0.0006434162785636619
ck_9e3fbd04e3532f32,0.17881584008501356
ck_55f2ef0de3420e3e,0.04473449741506795
ck_8d87658a6f5d204c,0.5963677450878035
ck_6d6ac1f5dd882aa5,0.0013536543418392155
ck_55d0c7012d7ef236,0.055398457784458996
ck_7738eb085e5753d6,0.004909028407293638
ck_0e6e05c3cc8c8242,0.010935328130376147
ck_8d27ff8383d48132,0.00570635352470145
ck_9afc3bb849f3a64d,0.016818800993221632
ck_27eb86a9898cdfe3,0.011730780527411222
ck_1d40e4fc541abe93,0.11400956110658497
ck_4fd9dc00e1913587,0.9767608221966594
ck_b26cdb2b7b165d2e,0.07637255250448975
ck_a79a27767a02e31f,0.029588957592530715
ck_f0c18cb9f951a71e,0.010616303098553553
ck_50460e0189de6274,0.9104336992822503
ck_5e5280539257c986,0.005660723603703261
ck_eeb854318b3a6f0a,0.008243719158403582
ck_943f66f28dd24750,0.0006763322074608309
ck_984dd7452aee372d,0.10634409229647825
ck_ecaa6de0aca5e9a0,0.03899676873647439
ck_8f1cbc432e2774f8,0.041097039174891666
ck_d91d9f8445b9769a,0.40939209266139753
ck_73c18e03e3c7612e,0.002857962434024767
ck_aded05ada490da20,0.012231599853554834
ck_f744e208183971f8,0.007497133662871079
ck_02d4cef6358ad3b7,0.005062232089944728
ck_08ff5bd467226a5f,0.001977399814901767
ck_f824b326d5089885,0.2712568994794428
ck_3420f2fd520890f3,0.05508881466042924
ck_1838cf8d00f5b1e1,0.011638797113230317
ck_a85182ad90b6f1e1,0.001783175739164286
ck_fecb39c82c43e76d,0.0031929307653950243
ck_162513e73782929f,0.02307854363622736
ck_2c27b77c59d8f23b,0.16478279923457864
ck_4221e07b17388fd3,0.06474099889534139
ck_adfb8472d5c3d669,0.028650854125211355
ck_0742fe64055d686f,0.002430888454462931
ck_5060aefcc8b6f958,0.014520489756182869
ck_643f549b4ac78a26,0.1608639620285288
ck_dba767885bd6ad69,0.009298928352534907
ck_0dda35c0c64c7073,0.9684824607708744
ck_38ea56d43afa5660,0.016954501704174608
ck_d813e15ac91f487c,0.1503639442488518
ck_4c840e5585a7b167,0.12502594333136263
ck_cb8551453a7bb929,0.010032287502399645
ck_05a00b1dd5a03359,0.006864033961301146
ck_837cc7fd48453a01,0.01815395150260644
ck_49dd816b31fba6b6,0.17522569331604218
ck_86a61d9a39768e87,0.03783415957262262
ck_cd0e76f0e7bb38cc,0.016444586761287582
ck_dbe58392635133ca,0.028825759610963092
ck_3caec7dd6f8d02c9,0.0428833973127112
ck_bfd9bfc5b6ab4a54,0.028655046377746303
ck_2103399bdb2898a6,0.012745318357113082
ck_329f7de7279e74c5,0.004809830239544184
ck_9bf0d28119fc42c8,0.014934019361592377
ck_f781539b1042dc83,0.006243724354785614
ck_9986c7d781ac6b4e,0.004713987806321429
ck_a627734880aca848,0.00226946599265953
ck_2106e509d77fdb4a,0.49791460939649884
ck_420d1a9c604293ce,0.007827520405792196
ck_fce0610c527e2b56,0.02273661986201988
ck_073da541ec3f9d3d,0.024976653663026798
ck_aa5f3ab48c17fed8,0.08804661910459016
ck_0fc1086e1c9e04b6,0.009165476849981972
ck_5c33bb46c1a5945b,0.030855030503332128
ck_500948a8d4bd8e13,0.017627421462544264
ck_19becd44f2c3d2b5,0.07571584148442537
ck_7d0fe77dd5ddb656,0.04521352010448012
ck_f158d9e5f101bb35,0.009704751879220886
ck_cdd7c77823c2257f,0.0704131467971729
ck_6c7b41374f9b2e55,0.007898093392267637
ck_417090dbffb1a63c,0.025504549404718024
ck_dd0e17605f970319,0.009459405233358056
ck_3646515079e6be55,0.0066069555551682615
ck_89c8b06aa8c84b2d,0.08110771248967401
ck_e4d6dedd97233c07,0.035089893430212384
ck_bc82fb1895fddde5,0.00432274773813052
ck_88a8b1d442ca3686,0.020544942347792885
ck_5791f8f76a629a4f,0.0583807423470748
ck_9cf5e88e97c8c7ea,0.03620924247205182
ck_58fd684aa5a6f289,0.0008691502657059976
ck_9800c21dfbd8e811,0.010651510527812344
ck_8ae64df60ab6ccda,0.042564188010809224
ck_e535fb0f0c00418d,0.05988148392106014
ck_48011996d54855ac,0.369342518441342
ck_ac79c72a8fe3fdef,0.10511799679838377
ck_b8cc2df5192bc49b,0.016800157549655477
ck_e96a5e1f08f8a867,0.004480359509805002
ck_84df6770549e43fa,0.0056389496703523
ck_e5f7b99ba6ec5767,0.0186307596438646
ck_8347455ab53ff620,0.00582132976024447
ck_a84f2cdf695a71d6,0.008471303191231978
ck_90456160115f9ef4,0.0037254589079352253
ck_ebd178b3f3a9c50c,0.02036605498867127
ck_e1140be6157bacbe,0.0034775897312428845
ck_744ffc11d32b96bc,0.014904698818679977
ck_e12a9f7d027e3387,0.005961227925184022
ck_cbe525da0b69f18a,0.022990471270642097
ck_aa59702537557ff1,0.1308593186140131
ck_0348cc6908f7f3af,0.002015478656318426
ck_120e995d50956bee,0.18639136165908063
ck_9fcde1ff46cbbea5,0.005909693042589251
ck_54b0b070689c50d6,0.0013002049447651048
ck_966a167758fddfd4,0.04540144352737227
ck_d5194f2e92fd6427,0.011334502011485023
ck_2ee84f3fa27f2cb8,0.007719178036213759
ck_57d0a7eb7eae2eaf,0.03610224994244626
ck_6a2c4edd82e10969,0.002065912238165032
ck_96e4d38ef670eaff,0.007779217185299875
ck_52cc2fd5095b169d,0.010213410997629287
ck_4b088920f3a844c1,0.021541853698147848
ck_8f3ccbd20d59f1f4,0.007888273668707592
ck_e5e5dc431bed6f9d,0.00675584584861459
ck_e8b5bfa6838e28d1,0.02066001180256155
ck_4bfeb78b47b7c6a1,0.04171825771887076
ck_a705c61bd679496f,0.010049058808901081
ck_731869a0c39cb2fe,0.02825369747451045
ck_259eb102342057ea,0.006024846963795868
ck_47a6005fabc33551,0.00531252304300486
ck_682262b455a9edd4,0.0016109313833375532
ck_e839d104854945f0,0.005849181269117313
ck_761989aa4c47d746,0.04444907467604392
ck_44211dc210139ed3,0.024284985725481375
ck_9915ceedf63a5289,0.09981709862840762
ck_da59ab47cb6284ad,0.002191042230013405
ck_e5cdbfcca2456652,0.00394265193111879
ck_13f2560c6a1ec62f,0.029329215455594367
ck_a0543e9b3abe1001,0.04219093084215068
ck_11c7a58e09e6547b,0.026110241859625148
ck_69587a134d43a4ad,0.033236797555923146
ck_28dc0de0ae291f37,0.021184728126455176
ck_298922703c5bbe05,0.06313887885759997
ck_fa5ba9ed9ed6a343,0.031473467735630686
ck_c08e64d424e56c05,0.021196501507797602
ck_598e036a28262aeb,0.08420829213494987
ck_3f7c870510083a51,0.014581129326839715
ck_364f8203a3e98d36,0.5381089451916758
ck_7333cedb61506ead,0.00951529185145353
ck_1d96d7fd65f208b2,0.021278747953200255
ck_63133a79f23e2627,0.0352596389359625
ck_901d820e0b72abae,0.003928464887109156
ck_5dd80b3c01457bd8,0.02628511911847948
ck_c0b8067c144ed6c1,0.01919215412108059
ck_cebb8aa8c8f62c60,0.009281097720716265
ck_79749eca42ff1f5f,0.0230792196288607
ck_2cc1d9b587f6da31,0.2025712525100174
ck_ccc7916b56d42195,0.010435473512209694
ck_e43e53cc7b8b8e41,0.019190069363109196
ck_4ab74a6e7450416c,0.004210288898978071
ck_6e44024e9de301c6,0.0021528076036228944
ck_dd78cb6ae2866cc6,0.014297880340438657
ck_c363d3b050baf3b8,0.03200968006010437
ck_2d46291975f0dd08,0.007929725555987577
ck_76ebeb5aee42f041,0.02099310171862413
ck_8395f004cf4d4c08,0.003937006502977648
ck_de7259c3741db179,0.010587504801672913
ck_3938e92585df2b34,0.012543838511328932
ck_af69bfcf4f07d932,0.05690185546495835
ck_1723900ab9afe374,0.08717814912036924
ck_3d58628d1c853c8a,0.012058822498162713
ck_12a074db100481cf,0.04591393954427421
ck_8716cbf892c50e29,0.01278007410190466
ck_fbf7351958ad9615,0.012569479083165877
ck_a50370907e6b397c,0.03634224931357686
ck_937402a60df0821c,0.005310745130006996
ck_8ce9c5807acbef48,0.01048182826690955
ck_acf7d65eaaa4c31c,0.004425259478021459
ck_ec3eb6dd0967cac5,0.024211193146333555
ck_fc832b0c90c9bdb9,0.7942643260085371
ck_8129e81cde280131,0.009712296248992933
ck_52c0ef68aa2fb8cf,0.011132478537845684
ck_06f042e9b1b662fd,0.04626473140560818
ck_0bf35dcf7b38f650,0.002456769631239571
ck_615763afc2e17a7f,0.0020580145669316175
ck_e72db9d4b2fc9997,0.9546361502119933
ck_13757bf0eeb353e2,0.0065293896982271974
ck_abaf371ec8249c4a,0.12872060893556891
ck_9b7167da0920c37b,0.06314325648318092
ck_2e824b0b27494a17,0.04264808805358573
ck_9a0b605e9c3220c4,0.011706702864694767
ck_a5276af466b681de,0.002750188716612857
ck_9e0383e1fb6e214d,0.1046233106795911
ck_6a27c44b691dbfac,0.008608959659268023
ck_af39767cf583905b,0.007527934534564056
ck_243b1b9fdd3f9a74,0.003471750239685219
ck_c0422e638a9c6046,0.04607880150781012
ck_e0f3ea3373dfc4aa,0.03879533069925385
ck_d56ee1654378ffc7,0.022145623219547134
ck_20cd2f5666719baa,0.0016114930410075843
ck_4dfa1c1e9b69fcc8,0.015275000972643461
ck_5d22e9ca1d15180b,0.19148626439714136
ck_f4a7ac178fd55f0e,0.003422205157566895
ck_fd5609bd23a1eaf8,0.00503955315731975
ck_49c3bf13dc9471ce,0.02083274278785968
ck_724085c3452d4693,0.3742501581425196
ck_e5d1462846154a75,0.04397142928778559
ck_c69ef0f3e7d6acf9,0.025207859466159464
ck_a2d0417791d4132d,0.012772734468953483
ck_00a07fc2a9183c3a,0.002444955529449145
ck_781b8288e54ba8f8,0.11796103069229351
ck_d74a62ab3804a81b,0.013371669617397153
ck_abcbde211b6267f8,0.016154969008385055
ck_16dbafc035574654,0.0026697624456216117
ck_018f780215ecaf38,0.01168884852244423
ck_0b259620eac51618,0.0066117689453355
ck_4f875342394c110f,0.030922491676782037
ck_399e45e5fe9beaee,0.020129419057218313
ck_36224a2d394ebfe4,0.0628646991906922
ck_c189b551bd111332,0.00216242907957237
ck_125c5a720ecb177a,0.10994696692432535
ck_76d010aa02eb477a,0.0021250155446282037
ck_1071d14c46c92379,0.32636427573787646
ck_61d244b2cde483af,0.01731088099804936
ck_2ff1860da2004c84,0.0029814434769909687
ck_c5b583490198672d,0.008889687373302778
ck_1294f7af22fade11,0.1407776080268748
ck_e3a22799716df39d,0.00757808584954974
ck_c77e22834ef97005,0.4676007456857472
ck_73d3689728270a2b,0.0023759526569556333
ck_295565fbf77ef885,0.004285814852663731
ck_80c0a7f54ff4895d,0.0036429997064390215
ck_f1ef5cf7f10b16c8,0.019321685886116737
ck_a958b2461ffc21a2,0.3021598760214592
ck_0e7899a57cd617d6,0.0031191641032635455
ck_9d4fed252718f58a,0.020551306426423194
ck_83c2c34add971d76,0.003193664118687092
ck_9ccc030ba2de9fb2,0.02807651685558527
ck_cd691e3466fb3742,0.010774686504857993
ck_49df70f908dfd069,0.14295251779779147
ck_362ce13eec1e33a0,0.006889994534476614
ck_2452a30397dfc54c,0.014461897059317039
ck_a443d49c2b4863b0,0.009635886228082384
ck_c8b2e2cb349dd0ff,0.011740610475224306
ck_354909fecf5da8cf,0.015358312959419486
ck_841f598bbd54c83f,0.06864677016771777
ck_cd6fbd4e8724f994,0.03527800459323614
ck_e0b3158111370118,0.010927763207455669
ck_4c2f2eb657c2c60e,0.004733439733125058
ck_ef346071f0b7654b,0.011730622972433791
ck_f3bc10e3decefce4,0.0034445550327567042
ck_189b6fbe9b9192e7,0.021760027746717217
ck_5245cbc5ff4d4fa6,0.010936883913943348
ck_cb42e3be6fe87f60,0.0049496442499271775
ck_966d4d713cbc7792,0.005178973019680404
ck_1c8c969667cbaab2,0.8917607691753353
ck_d35e3aa9ef5d405e,0.06083183284010229
ck_a1c39df50a5873b3,0.01934430144680572
ck_a152165caf295b51,0.01714181661676301
ck_891eaedae139828e,0.012595209971896379
ck_1a46b56f4734d52e,0.013140596871338159
ck_5e36042cfad96c99,0.19679197056256195
ck_02a8582c2603e675,0.014402091208711772
ck_6def9d0429e4ed4b,0.01668755783433785
ck_e137400825a1e3e6,0.008942958976408387
ck_d91ab840848a54fc,0.006293160732687594
ck_becb6e1c608e0078,0.0026392538597745535
ck_6fd8c86ac719d7eb,0.0914488197491539
ck_3ed4d13f12fd9d0e,0.022634781039651868
ck_007337aa99a4891e,0.0015494230338586874
ck_60c3d8306527a08d,0.003131648095038196
ck_95458880a54df0b1,0.26137634259936615
ck_b48cd8593533fc1d,0.668779656961652
ck_021c6a4a7e3f1f0e,0.0030853511635308725
ck_764d40f865e710af,0.014110299420560728
ck_4b84357ae8ec7777,0.011423731242953603
ck_3397c7856b4669a5,0.002173652153026044
ck_920bb003b42e6310,0.004490199378847909
ck_8f59f11b512d5b7c,0.04460801654604616
ck_a3acf4b986afa98b,0.08450860053146796
ck_e89d25ed7bdeeaea,0.006962297946329564
ck_70e6bca473bf6902,0.005346562090764876
ck_186161ce152836f5,0.007240407219879992
ck_9191579254663f5d,0.005826350815174736
ck_1e6628879e9d653c,0.029249282158878294
ck_b498fa91a0776ff6,0.023136904433637168
ck_cfc2384f22954830,0.031567901785433165
ck_17673a1c2867888a,0.002105744778480177
ck_523dce06515b072d,0.01727031220547524
ck_c20638a325ead2e4,0.01834435045676397
ck_d3877e1f907cc148,0.027596122204708348
ck_e9a2495dea8675e2,0.019722826631300906
ck_7e561caa5fa1f3f1,0.015017274161710309
ck_455672e652fe1abc,0.5902157116108311
ck_7f8f864fcc90ca82,0.027175306298209845
ck_1ad36046aaeb816c,0.006775941715316346
ck_de056e37c82e8e00,0.04384512178449273
ck_7484c214c889fe7f,0.021458680927999813
ck_32430e678c4f9f53,0.009494348643846701
ck_6276ece8f80ea799,0.028283213576917696
ck_ae8e5dc4b725bc25,0.012639074422220632
ck_f01be92dc78a2dc7,0.010274855396075559
ck_233397a8bd40d38d,0.005260153075005779
ck_f8124911450fdf31,0.8361350985506815
ck_aa0a3179f1111674,0.011049094255130476
ck_2366b29ed9887a5e,0.0022058795931781533
ck_1f22f04dfc08cf27,0.004169348695779959
ck_b62276c3426d680c,0.028477662935339803
ck_d099fca88691f66f,0.03411163197510629
ck_166bd1dcbaf4d6fa,0.0032827031393650335
ck_7b1660e942436e12,0.04926260668820966
ck_4a9a791a1d409a3d,0.04742509338740858
ck_b003e5b54df65db4,0.024494737987396344
ck_64b4dcbf436f0b75,0.004320251364996674
ck_26e9a7bb2061a58e,0.01825835474730733
ck_08b77ad5f8f73007,0.01489675538307563
ck_366616a725afc6bd,0.01718468864319852
ck_934fb5064b6eefe2,0.0021248365689446108
ck_c6abd5d57b1009d2,0.0023746158014862247
ck_edcfa9e1cf29d813,0.033912457773077685
ck_c30201ebd003fdc7,0.008234627172542619
ck_c54643d94d3ce355,0.036038711105901726
ck_02adda6e91e49650,0.018219403873928706
ck_5b73d7c5255e58a3,0.15664354100060335
ck_129ffae92dc01408,0.0032828961470853088
ck_fa321945ebedb916,0.029296108605972655
ck_8da980cb2e1e2bfb,0.036674447159229254
ck_0576b00d728bdf19,0.02804296731919121
ck_c543d82e22b3c8a5,0.0026387595667249665
ck_0027ba644f9ae2cd,0.2946001786941116
ck_8dbf61df902a6bbc,0.0038786605222525146
ck_90eeca1cda79fd41,0.0011976312550127162
ck_86d7127391d4e01f,0.0030779525752599145
ck_73762038c7ff2f6f,0.0035441559314870015
ck_a1484e6215fac651,0.5015349290370108
ck_cb83b9f806e90dc6,0.15502026267958183
ck_8c6f059c95872126,0.002237277017120758
ck_3174419a81e7caf2,0.0051944107214078284
ck_6a0f8f8fa4a3c2bc,0.017635915371472435
ck_b5777605668bfca1,0.0024720642981463804
ck_27e4de495abb4d15,0.027305187977808065
ck_7f6fa79c7a107161,0.016530821131759233
ck_c36ed9f8e6792ea4,0.010231745947238788
ck_67a1aa88d2ea554a,0.021421158809931142
ck_09748dfe4df3d540,0.005448711339289432
ck_27fd85b1e38b675a,0.0020444465207144664
ck_2369689bd795ee10,0.008444838316490594
ck_4eb1c12f7d092bac,0.002668877703772527
ck_01fbafc42c8e33f5,0.01710801056852297
ck_93c4e05699b3b7d0,0.009441301160618696
ck_afc484d1b6907983,0.00761855430861959
ck_1b2d9cae92a1aab1,0.11162014542095133
ck_73b729cb161487f2,0.007151166595250588
ck_fe3c1d0ac090d960,0.12062319244109919
ck_408efac1d3885ff8,0.07754727429717512
ck_ccb4dd9d0a48a76e,0.006613145723561139
ck_2987eab34ca7805d,0.03002897471954271
ck_1dbf1f15193197db,0.041950505426810704
ck_4ed711fe4053e74d,0.2417653625018734
ck_6c54adce174f45f4,0.0031453719430550014
ck_a6c740041faf0bd5,0.007267967068292839
ck_b05c4d33c4f43639,0.02403649895059163
ck_032880f1114dd51c,0.03183840605587401
ck_22311b037456a76e,0.0035193846135313984
ck_5866b413549765bf,0.0020071141795482664
ck_0e808afe2570ecac,0.021392648825812915
ck_634276b05f4381f8,0.007585951388722713
ck_5d8773badd0d4740,0.00995254956389862
ck_82b5b79ce3517102,0.9005205774243161
ck_b378b8d8100ee4b1,0.014500269884062313
ck_54e581f71be5430d,0.004096107068432801
ck_798ba4b8aa544fea,0.004030432261908067
ck_3fe86b6331ff95e3,0.04996972067545074
ck_81275d9d4c559e6f,0.0066459654689830314
ck_99a4e5ef02d89493,0.025308050080677404
ck_54e2eb018d947790,0.011258420342555817
ck_966901ea9c77cc02,0.011273980312297148
ck_27d69ff4e0cb428c,0.10045330650399492
ck_2cee2dd7bbfc09a0,0.8169493198632907
ck_4136b00924695ab4,0.000635852620887569
ck_59a164c40c03a45f,0.00855204889017466
ck_3e24b026bc66789b,0.0012307213224910948
ck_8105bcf69a75ee47,0.012955616567484491
ck_7a1782cefe26a456,0.045668784824301575
ck_970c7dc195161272,0.004471913406047953
ck_a48ec0c00ae20e82,0.02502270705114662
ck_54b374ade34e1dc1,0.015001902220380389
ck_74e5dec189761d14,0.005649460532064957
ck_4717f24f2c6f40e1,0.06910455803446927
ck_fc8cd8a8209e802d,0.0256589509558325
ck_71db4131d7efe218,0.013461358921749789
ck_45424ea6f0bc4650,0.25307312709902646
ck_3716c6181a5035bc,0.010039240196850001
ck_26de14b96bdad4f6,0.008761329385007033
ck_99c0a41ac9c73857,0.004931468214665693
ck_645f15bbbcff3b4f,0.9902790422473419
ck_b7e25ddd41514d4c,0.0023625692995487366
ck_d5c14e877ca7b755,0.006597040396439061
ck_05ea4440dac6cfad,0.031497821296828
ck_c58bafff7b1955cc,0.011782480726259528
ck_f0cf85b67a9b840f,0.01976824167647921
ck_ce1500a7f0d03fba,0.005282752363252384
ck_d4972a775aadbbc8,0.00818865113259764
ck_3eb6146c262e0fc3,0.001981450027081996
ck_afb23858a4ef42ed,0.9551530101232495
ck_2c1def5c91c52a5b,0.23768473677351118
ck_72e550559487b919,0.006792339650568162
ck_0284dc2b4f856b3a,0.21148579758893338
ck_03be334935e999a2,0.007827834057241075
ck_e35a4b4a3cb4cedf,0.020241141235118915
ck_5abe57dfff4b735c,0.010232538388354124
ck_f5f87f772388efa0,0.018623182488420834
ck_5a22cb36d612236e,0.0069319203907972065
ck_8ff1e6028e764472,0.9601854258412937
ck_2ab28149b0986642,0.06394001041032928
ck_c88fc1bac79fa6d3,0.06878850634907847
ck_5b137d74bba6b1b4,0.001550972511830152
ck_11f362dca2dfaf5a,0.01595333496130282
ck_7f960541e5174565,0.0077767122831899176
ck_d5458ba39ae94498,0.02033268556209632
ck_0a921a73a90c2e39,0.03719131111517084
ck_6ad56ef40086dbe4,0.007787483715421715
ck_b68199ecccf2350c,0.0033092503634291753
ck_6dac66c8198c07d8,0.015804804327177808
ck_9b9ce7bebc235fe8,0.004167009827123519
ck_6b817117d87063a8,0.018502852161912196
ck_900d62b3184378c7,0.002468303124011479
ck_eafe9b89857149b5,0.006920012337307521
ck_e74716a525ee5b24,0.001970517142991294
ck_4e9a6f06ab134102,0.025376487944691925
ck_b0d33b5a3716661d,0.023866745944552785
ck_8703543bf3134306,0.023240336288054726
ck_923d6a0f83accef1,0.014909222904476481
ck_52e37e2170532e2a,0.1810859972646757
ck_c1c5ea839c58958a,0.03625728332336617
ck_660f0006780e87e7,0.015970795902302336
ck_830b2c5d1818ac07,0.021210152832567428
ck_b080ff636932d1f1,0.0018582652004089796
ck_38730aace405f2ae,0.9850533569021354
ck_9790138467a06223,0.0023668780068674313
ck_10de0b0d86b17839,0.006308636737294335
ck_c3e37a4d3382c32e,0.0012517001782156388
ck_dd8edfefa1eba531,0.0020402360257603326
ck_8153cdadd300d234,0.0031257625446331695
ck_74d0e7c2c6b63d36,0.8710727136050983
ck_c478aae3031bb328,0.0066239335088167
ck_cf301f2194975866,0.009668304738185798
ck_f4de03f44e3a5bd5,0.010986417662193056
ck_b06ce826e593b210,0.03357834789253121
ck_2fc70b6baf6a0e26,0.0037526724713135506
ck_d208494cf5c90047,0.03660215375344559
ck_086d29ccae565e5d,0.00511421689778629
ck_d5ef6dc116dee408,0.005304424563162473
ck_fdf0c5b722d83464,0.009192873578693752
ck_de8494b13adeffb5,0.00579465485641512
ck_556786868599143b,0.017083828580675208
ck_4940e78cbdcfecf3,0.013271830680168972
ck_d32fbbfe32c00416,0.022206617865347972
ck_bc7710f7e9fae649,0.0033609225594359708
ck_416f7ac57da081a3,0.006988136837699309
ck_6fb39b60c67d5475,0.0036800656789190145
ck_e40a156511345d6a,0.002110071287441066
ck_49ab879b5aa7fccd,0.16259594177016162
ck_bb643194d1cbc47c,0.9879861174296267
ck_b3ce8f1bcedfa043,0.010465704744354532
ck_558ebde8c29132a4,0.012233770294715621
ck_e6222925762273b8,0.14196875448686033
ck_bd80546b4807dd59,0.0369122410852595
ck_bd21164bd2bbb635,0.01841947325724844
ck_ea835557d7043667,0.003711937131066841
ck_1411a80a157ff39c,0.016741771731382894
ck_ab973888c20c9120,0.13881628742340152
ck_95b48972061abe82,0.006187937460664049
ck_fc4a43f8876bf10f,0.27391516948065836
ck_f34fb7ccf82f41e5,0.005391940712119004
ck_5af9934a56801ac0,0.007310823097076781
ck_fc7445ec76389a58,0.2346153133901409
ck_1eeacc26f02fbba4,0.06207840202805676
ck_4f325dd15c9bd45c,0.0636346631887144
ck_5009a6c8bbaf15ba,0.10839914779889132
ck_0f3de7f074bb33af,0.009994619685796275
ck_2cbc2f93a32eede8,0.02983516175966592
ck_4bb90a61c21a303b,0.014069966191353173
ck_3ade9eac7d7b0dbf,0.22287506170601323
ck_4859a58629622915,0.04772394311589493
ck_5fed957287ebca03,0.0029545392880810993
ck_ec01ae5351500355,0.0026556601881303184
ck_703b41624ae6a5b6,0.0032243277127892976
ck_97c38e7f61c27e47,0.011090711460490286
ck_db2c0908150cb2cc,0.04420020422956295
ck_64ac5e6fed86ab60,0.8880118903602646
ck_da1c853b0a061e83,0.03245084420779617
ck_9a36916b60178ded,0.6014717709391904
ck_3715bfa7fed2c675,0.005432720291577625
ck_dd3feb77d7d4f6d3,0.01118306912164851
ck_982ebb24174a4ade,0.0041068438875716436
ck_f6b7a10d47dd9a1f,0.012241923127697618
ck_1f56fe99f250cdf4,0.07139660110888556
ck_deb3ac0606d6f6db,0.0181017534225602
ck_e666629e5a41b39b,0.005891089550879611
ck_756d2c13d02b3e09,0.028316156875300664
ck_7bc752ae7cf5d55f,0.012515363168898296
ck_fc0cc4b25e6a8194,0.004807704841190127
ck_9b2b0e286de78a1b,0.013601652950437445
ck_24b0803447211bf3,0.016980083966445163
ck_82eed68d05a42128,0.016843547761786797
ck_c8a03c516ed5b05c,0.032031192587378056
ck_e914974cee1bccb1,0.012867677931811868
ck_0c533ff2d0f9962a,0.01205686715907731
ck_c12805fa5d970a83,0.05075087215929853
ck_fc2cb29918631f10,0.05971732871705156
ck_c20e89afe575549b,0.0034602311307985
ck_e1ff9e31becc27ae,0.02042537243602928
ck_18116d0ac08f1996,0.8635222942599865
ck_885a83975cea5e64,0.0063403904577226085
ck_a0c3059a959ba5d1,0.05335703355656417
ck_75257ca7d7da2861,0.03963611971109306
ck_2210f7a0d13bdbef,0.027008189143865224
ck_9cbd9ecf8374f65f,0.0056025581017964555
ck_18f67c00ba21fbde,0.01269986883466229
ck_2d28f14d3973d8fb,0.0030532379738591672
ck_8b3401b44aaae728,0.0038140199413206686
ck_9d8e9ef37797d3af,0.36470325493557126
ck_9f50920c894f64e1,0.007602761055171086
ck_4737e0d56c6fa0a1,0.02945527028253435
ck_52c311f29ca3aca9,0.0009216742888905321
ck_6a4981bc721df37a,0.025843879252997894
ck_823539d936c55fc6,0.0016767031516885162
ck_df5aedb4118020bf,0.7562922503850404
ck_a911a066ff0f7b56,0.017885138994822417
ck_684609767df4a14b,0.04857667362115638
ck_f2350bf355dc919e,0.014269320326441362
ck_8452b6cf97c65a5e,0.008668596320269726
ck_084cd84501012218,0.6312164946075677
ck_ace6b72e5bf3e93b,0.0563733597369069
ck_2afdd69094c955c5,0.02626739890516357
ck_fa7d5be26bf7b31c,0.11768733347176993
ck_4b041217690fca2f,0.017758951248027108
ck_9fb8e3d38cdf276d,0.932856055776678
ck_c1ee56d65a42f59f,0.021295783042693944
ck_fdeaa1cd085691f0,0.02601444138786146
ck_5de33a7a87e9aa62,0.04360940939869705
ck_7476e7fe1ff45545,0.02769058559831755
ck_b0a947b498e47018,0.04020168041799491
ck_e3894ed88a7977e4,0.002656059326318555
ck_c7e07ebfb0bc15f6,0.08068399403223535
ck_3a3daa8b376f2a18,0.0021889530704882797
ck_87809324c2675b0a,0.019441159017036344
ck_7eb4f33260f1dcd4,0.008168557216609185
ck_ab9f0e08af030060,0.013566883957892033
ck_5b8fc4a76f340797,0.0299684636883184
ck_0e7bf10ef49aa818,0.047425024009835406
ck_a44462a3853ac67e,0.9900552639252583
ck_2d14bcd2e0fc043d,0.01583873859697398
ck_df1f2dba802296be,0.7816583863748745
ck_466a7316eaf149b1,0.044583898706218365
ck_50df50af592b0c06,0.016398359436330057
ck_5f9e34c849704b95,0.008997828606080843
ck_7836bf6def26aa87,0.14730687618240104
ck_ba175b1bd8efaabf,0.01076857207745615
ck_1a0aac7f7b94b1be,0.09113177564365205
ck_6768c4b2aa8ce586,0.011006114296837118
ck_eefcf0ed15897898,0.013984559192805373
ck_7a6cb27e390b6ceb,0.01161234220875515
ck_5275be4e1577c1c7,0.00957816005715929
ck_6bc0e5b8c0b7d2bd,0.04809633725418228
ck_4874bdec79f9106c,0.03581567588385181
ck_a678731156ad7bd2,0.3844370761435045
ck_db906debc36a5d1e,0.024411632310780296
ck_e87897767c612942,0.015831017594977747
ck_45ed5ee496ef8a67,0.01442307392793127
ck_ae20e28f9854f3ee,0.0318267085576758
ck_9ee044b73943a90b,0.013790608664152795
ck_dab34cf6f0626c9b,0.04514963839925447
ck_64a02b7b96149810,0.000797317549244333
ck_c417d06f3e94685d,0.009575828005745898
ck_3e0149cdee4cb294,0.010792907120235028
ck_0e6046fc30f81705,0.02091854535752963
ck_c383aeabd53e9c89,0.01775992702318787
ck_2ef76f1f36e8b869,0.11371492402670047
ck_43948784650bb9ac,0.021390110172913736
ck_bdb966f43ac350ee,0.02945473957412063
ck_5bea0e0ee0b094cd,0.011047648868971579
ck_dff090f03ca5529e,0.003572342481614791
ck_a4691b57f837d88e,0.015601346642274746
ck_99ee90946395d74d,0.693482947726186
ck_cc81dbc83a8879fd,0.006654219681427002
ck_f3dc0725621b3a35,0.0025504976614602777
ck_1bb212d1288b9689,0.032475051004343385
ck_9e7278fc7679f002,0.03891216302433052
ck_3ded7a8720d7e311,0.01105086082899694
ck_798157bcdb9453e1,0.003236317061029402
ck_9fba80f56f357fe1,0.00752595365333721
ck_f1e1c8491f16f912,0.005831288533815387
ck_7b1319a5ca2f63c6,0.9683668368791647
ck_124432fd5c92af7e,0.10656805107115369
ck_148cb0c723284dc0,0.015586880406447142
ck_b56c62c950eda009,0.0040205728905128675
ck_a0498755cd8d7188,0.001433993010624954
ck_5379452a9d74efae,0.003992688820960173
ck_6c2453229d608183,0.0224052593912887
ck_f9d8b4813a88c1e6,0.00987478990807821
ck_c2c7d1e45a521857,0.04475879328207973
ck_4364a83a11743888,0.0045653466023042625
ck_2cdf5fd97ba75e06,0.059430955618424916
ck_71bc01291e0533a0,0.0319953780966616
ck_a725d7aed2a0bdc2,0.0019412162903821703
ck_a9b0c4dbd7db6a91,0.023531832699276393
ck_a4258806a533efa9,0.01907063261341768
ck_905e460591d9a278,0.02529252339463348
ck_20de8abfd8960ee3,0.019062369140422326
ck_252b0a0f1119b220,0.003415816778023493
ck_95e4bef65c36af1a,0.004004199315047751
ck_5ab68b434ad53fea,0.00926949746296317
ck_13677a1957078827,0.0032584167756690104
ck_d251e9fa09e542dd,0.9913693622632334
ck_700cb620f300dd47,0.007271002430902181
ck_39a68c55a1bd3ace,0.1298384764159833
ck_61a59a7944d6c53e,0.21847142839765932
ck_db6d1c6d31da967a,0.008456898373475534
ck_650020c500b1b50d,0.009474734776875562
ck_d812eb6930192793,0.001190094724388692
ck_92f6ebc11ebca89b,0.047687606580312125
ck_d87e26eb5bc84b01,0.012937628843872897
ck_66439e697695224c,0.00224151775152161
ck_f21efd504faa654c,0.004345435860602033
ck_15eed0f5652f0352,0.0060781527963950695
ck_bcdbf57d98dc0d27,0.04051090048540646
ck_873ceb8004d3a9f7,0.04974193790500711
ck_70bef9ddd4bab005,0.0038821623320234237
ck_7560f1891d66f294,0.00216720716500721
ck_f439f16f8693883f,0.04360502133679496
ck_14f9535e53f9c7a6,0.011763915913727118
ck_5984be472d2bc267,0.3398289850561585
ck_ed01be7504dc4187,0.03690577496886609
ck_dc3d8b5c17b67ae9,0.003481889623346604
ck_9dc23031b6b494af,0.01823982257430769
ck_fbdac0221bc03f66,0.009539167624218258
ck_863708a99b92ef0d,0.02439441485151836
ck_22b52654776a1ea8,0.7065615531441924
ck_a0714f98001efa0c,0.014324414160640305
ck_9c56114f84e9a541,0.01710100846307331
ck_e155cf506b2fb699,0.009506806698225111
ck_65ed7e72f24731e7,0.0036107280168536215
ck_822d6e8e43befc72,0.488377891084614
ck_b1182471d9ac6b26,0.0029011781759525866
ck_821446adc95e6da5,0.010004882905867454
ck_ff182f033134dbb8,0.012316331314328926
ck_9c5feef7647b0588,0.005214883003887882
ck_df935d8bdd44883e,0.011490855857886138
ck_01eb24c18ad11fca,0.08492302391547117
ck_00d6730134a1eb51,0.023365374698027398
ck_79ba8e85678d0224,0.010327287128777275
ck_97e3b04a1350f6e4,0.016509080251855608
ck_74e9747954a46eaa,0.036702683703196244
ck_397d5fcc9972f909,0.017706006021603823
ck_9ede89e8a43c3f53,0.08100133523649396
ck_303b33910d67f306,0.002875113760040363
ck_3c17841636f6f7dc,0.005530267301362749
ck_78730527f8ba1438,0.09656659177652531
ck_5ee32bc6bb5d1d4c,0.05544669276075619
ck_a13fee8cd925d0dc,0.006777132758013671
ck_6f847263379f2e43,0.03702961222032211
ck_9b9d9e579e7b55b2,0.09606371303252859
ck_87c1d0a79e79c84b,0.022865721143921613
ck_bfc453eabb472f91,0.020531210934334628
ck_978c21bb5fe3171e,0.034533948640646045
ck_dd882323474431d4,0.03141881365170914
ck_533c4f7400d5ab22,0.21626490154639458
ck_5f217bfe28954e75,0.9856215546444705
ck_ae96d35465b3b4bd,0.018237323365936652
ck_512ebe97c0af94dd,0.2778957564341204
ck_f558fe02bb0219b8,0.009170205062426605
ck_84092e23d5ef4d51,0.04031861812302692
ck_17d3022ca12eacd7,0.008176998723209865
ck_8a8f81bf3558fd9c,0.004438778190983457
ck_0ada6fed1864e7c4,0.01763360648033194
ck_21fe7bc59dcd78fb,0.0034394630519363556
ck_e136e20c1c74fe38,0.00817821496421544
ck_e7a530e09d113dd7,0.08569395052439516
ck_7cb0c9ded4d63027,0.03369342933012278
ck_102db9615e722c9e,0.03221331088196439
ck_129e39ddfde92eeb,0.0024783150118003056
ck_d730ff21bfd7769d,0.0050329737591069635
ck_54459b45d2be8459,0.006958872169633899
ck_7f1c20319eb60aa6,0.990565653598001
ck_939fede90473e412,0.0042302106481447
ck_e0f9506a6d5f4a1a,0.005047309613070504
ck_9a4967cdf49265cd,0.210821940551765
ck_b9eaf03453ac7d5f,0.004507961478277286
ck_522477be6376b450,0.007372913719257398
ck_9b6282e3bad50710,0.014518954244688033
ck_a0e3a2facd508e49,0.016743998036172356
ck_97ffae702f7c3d08,0.002664481480160805
ck_344a95cb7115ec67,0.009326381519319464
ck_1f2760764afa45e8,0.007773623709810397
ck_720cd658d11ea428,0.033259078564609766
ck_04e32ee9834c088d,0.1913795911353596
ck_2bb1389e5e72c8f4,0.03852944049778537
ck_961e7dbc217cfbbc,0.008608288477380101
ck_f3bce4eccfa6d6bb,0.007414550793157749
ck_e0ccfa0d689339be,0.009339987895812349
ck_98217aeafa0bfefd,0.017689359508509486
ck_a02aeec1914c158a,0.018764066041811724
ck_20a17e8f206a14c8,0.01725868948258569
ck_114c32aad4b6183f,0.2281585238537976
ck_79f5198f0decef20,0.007990690417158462
ck_2209de229b4c71c5,0.01143813192757802
ck_6ee939b7f396975f,0.01280404930888844
ck_202f0c14b07ace01,0.03618939386278802
ck_fa24db9d416ab904,0.005948079470439555
ck_cf6aa24b92c4d33c,0.45754623675785155
ck_45f57fb8194cefc8,0.02045431346167805
ck_d5eb179dc45394c6,0.01438582205146933
ck_efb24be983342f75,0.007057134131119716
ck_245f5d62ead5ef28,0.012969886522535772
ck_15fe2a47fa7e92ea,0.002344812493570704
ck_b6527a85fd682554,0.013822642826491654
ck_11f9390a11ce9ff5,0.032013202902565784
ck_ffb4d892c5158201,0.0021062713521025236
ck_d4c1da5a1427fd6a,0.04615634817894678
ck_2c041b1efb1c5063,0.007513101075419887
ck_ecc18f40b33be769,0.08581025143340744
ck_0525349f3945375b,0.06993332570945375
ck_0bfe62e0c7eab9c9,0.01393094348419001
ck_b7c37d410b1646c2,0.017501183431637667
ck_4b15b0746318cf42,0.15464355509581734
ck_e5ee006ecd8ff661,0.0848034949143454
ck_ccc83cf66365357b,0.047844304794494474
ck_34a33ffe8339f66d,0.9474467070618011
ck_4e39e3b165edab58,0.9351890359029569
ck_1a71f8081ae00190,0.984526855304383
ck_ed8f1200fc049c40,0.9521601571823013
ck_8a5a57858e8c77f3,0.01381218227075089
ck_fff9fdc2adf5100b,0.6868970117850663
ck_c76f1bf40f3b787b,0.0013691175257276565
ck_1a6ddfeef82b1b1a,0.012792936661645424
ck_478d2667aa9896d9,0.025095251170260804
ck_641c8e7694b21f3b,0.029965464802522396
ck_293581d879f6663b,0.6115584887918845
ck_1bfa8abdb22be8f0,0.09518522811769956
ck_05ab5b03d0bf9ce4,0.25131787515628345
ck_35694db37f0cde7a,0.0008814231504365977
ck_fe33eb743d714c03,0.014526859966395677
ck_abd10fbcbaf2b038,0.01112588821667856
ck_46d51648c1bf80e5,0.2801364060605799
ck_5c8390017fabfaef,0.021386948124633303
ck_87d55ca333f22072,0.0015345645933735185
ck_c39c6a1453e2b92c,0.0023744276692769647
ck_69ff1b0aa143a168,0.0008122346010983435
ck_e57c79eaab35ded7,0.006468618919836964
ck_463ae759e2b6ad1d,0.011600572897012182
ck_0dae4a7eb587f3ba,0.019336260224154633
ck_9b12fb56529ebc4e,0.017775295827797695
ck_1af547077ba2dd03,0.10326414736274557
ck_de13de941bebc7cf,0.0012931541809388096
ck_83dde7da2bf647ac,0.000793693841197047
ck_c80a94d4660041fe,0.03405097153123198
ck_f39cfeb277ef6528,0.0017129634073052564
ck_1cec1ed1512a2d3d,0.0015891999684496904
ck_7955a359b6448799,0.0013072387172473915
ck_8c0955dad13c3ca1,0.009788237445418038
ck_6d4cd2de601a2308,0.016783079925762986
ck_f4536ba8dd2d551d,0.021206851718903155
ck_b379c198d6db2d62,0.008235760418965923
ck_76ea90ebc74bcdc7,0.02107314398679014
ck_734f06bd4aa92781,0.016225424274157726
ck_677e1d0c14cbf569,0.0041166800937725906
ck_259271c70f3fbcbe,0.06802091374996415
ck_c0b744eb9e7d4eb7,0.022832796426773917
ck_3d41faeb96802f68,0.0034874850487788094
ck_8f604fa70fc3c8e3,0.010576838363866744
ck_0b3c3bea0e0ed339,0.006829440213014097
ck_be5df076b8a86409,0.0032194762503783146
ck_6a475fe324d7d790,0.021504643420111574
ck_3ba3fa5387bacee8,0.0009311568901971054
ck_324b9939d9c1c31e,0.0021351567960380333
ck_a7fcf7b592f68ca1,0.01345791527422243
ck_5b2728f7cca414ae,0.0018672205095931177
ck_5f4a25ffd0b85a47,0.022689234709699024
ck_63d4f5076fe4406e,0.003585730148772554
ck_af528d66c86f0cb8,0.008045844546207338
ck_ac7cdb9b8da7b5dd,0.015583200456265508
ck_3bece63711407e25,0.041453704715794085
ck_d4e0b2a12fcfc35e,0.0050983530366767345
ck_ee3e7c9d3a9c74b4,0.037427598329496874
ck_50d7c4dab837bf66,0.014528477209903004
ck_ebcb93a2990fc914,0.19273098811034037
ck_2329cc9702cdf7a0,0.0340563690817262
ck_db1fa53d588bf99e,0.006720226993385262
ck_44e57a0bad5a0745,0.014247156313539051
ck_472c81a144f4631b,0.0037396355866751653
ck_1658429acd5306ba,0.02024307883680738
ck_466103ec5bd9444b,0.020234705518031113
ck_9757163e25262b74,0.029826582871842897
ck_34ed59bc2c9b0186,0.010157179854251951
ck_b7bd3a7f263f4f29,0.07395115694539436
ck_149662b09d632e41,0.01523876206080387
ck_a9ffd6b3957bd41e,0.003647924113962961
ck_ab80466ef615e85c,0.00364666959106026
ck_f2c824d3473db24c,0.019383890619050447
ck_a4a01fd45936b078,0.033920109239675734
ck_8f6ce158c2902877,0.0019559217523634075
ck_5189a302cfa7cefd,0.0014580170206560583
ck_430a3d03be588201,0.02031184685981189
ck_b5f9dd00914b4db4,0.012433698466890094
ck_52dec82e9cf6135a,0.0038558887091812545
ck_95e444a01e2ab4a5,0.027377840969250007
ck_e37cee7b123692af,0.023369805049673387
ck_d68d42858a55adff,0.03739012708874808
ck_3abfc010091d679d,0.02282022534812373
ck_cee4e4e1b62bf82f,0.045005257739136835
ck_9ccb17c35e636c5e,0.0076512758615602285
ck_f72a5a3b0d6c1177,0.000992310787216505
ck_7508aa554fae6afb,0.07279771524556336
ck_003aa842b7ca1d77,0.3131692680760365
ck_83b2b192f41ee2bc,0.1950816026220204
ck_64796b6b2c3c7f06,0.026577294421913346
ck_6438ae81d43cb196,0.016996683926701048
ck_2bd73d9098504760,0.04179067963137125
ck_aa8b9b36a099e4c8,0.03369204883500433
ck_e5ece47d0dd10526,0.010679896724832272
ck_16077ac345472e6a,0.007903385199148563
ck_a4d6e152b0076964,0.004888604221852608
ck_d90b1d03ae151f62,0.028087596154612714
ck_18b36d342b530af4,0.009401736443621486
ck_2a01e610348b84f8,0.11639326994947025
ck_0a93ed76bf36c8b6,0.010071964534361677
ck_3d56b477fe2370b6,0.046107813004197314
ck_17ab3068fa303682,0.005355578651987065
ck_592a3520d841d11b,0.02030996600464193
ck_84d07028b5fca2f6,0.02547578932961976
ck_f4a2bb10afa85743,0.009633007067292544
ck_4fe4b072f03f2c1e,0.0029944413402281894
ck_9ad08fcc183ea1e7,0.004509849780432489
ck_130d3848b9dcdb05,0.010321617790280159
ck_bb399ed6bf28c230,0.03265844596189477
ck_a31a64a39a2c4941,0.006031128802128432
ck_c49f25dfb39909cf,0.026609796381534677
ck_55f50a9ae2db8ff7,0.004279195953786922
ck_09faa4e771cf876b,0.014318327933078882
ck_df520a7a6e405889,0.05635015654578773
ck_8c8c98cc694ac900,0.025743573778958386
ck_7f0c4f609673ef62,0.016840787135735655
ck_f51fe59cd445d2cb,0.008586742918387735
ck_b3fb83f0d772a831,0.009802424783838888
ck_d6e7e257751c299b,0.003869439846634166
ck_0d362ddb4a1cb6d4,0.017957982305764317
ck_a574a08edaf81781,0.004938023510938772
ck_a823f5bcb0e4b9df,0.002151559788202524
ck_f792586ad0381eac,0.01960234928411922
ck_54bfd70022c66983,0.006640270983018233
ck_fe0a9372c9372de9,0.013672222997220452
ck_5691cd6fdb6d8147,0.016096210327100048
ck_a95f212a02433d23,0.01720674858707383
ck_f5adad75e1c06731,0.05969715059103057
ck_e09c97520eb0533c,0.046541602233857775
ck_a1e13c0d58560340,0.0018608930596960079
ck_cacc2ca410cbe80b,0.02641549448847166
ck_c0dde2a6ef1e08c5,0.0027232677868660542
ck_a04403073c90ce38,0.0012458125074952932
ck_03d3026107175dae,0.028977168133948586
ck_50176dae5b1b716d,0.003385136156942738
ck_6c084bfcb38e96c3,0.02489513045891678
ck_36d2be9012f7909e,0.030707156168589243
ck_958acf84c6137a22,0.028479846462899465
ck_114722e12db90a73,0.011359247171828436
ck_203c2a22c0c165ac,0.008648951878566824
ck_2c44ca550e5cfa82,0.020795212140099842
ck_df0a8f20ab8f14f4,0.042453111010071945
ck_826a27ff7555192e,0.011783745022037374
ck_09a988ebcf062297,0.03919745827815477
ck_5c82444b3b9160ae,0.01375792922342904
ck_f6a4a7ed27fe76fc,0.0749395161541817
ck_17de46314b5c6a92,0.02437537150069008
ck_335e63101b1e6c4c,0.13986104171879146
ck_c5eefc0697451de9,0.05142362228317973
ck_49a0efb5d4067b6f,0.04807697842504167
ck_c1f4509c8f5dac5c,0.008646105225832602
ck_57658eda1c59bc52,0.002408763215468356
ck_0d5c0736ec76385a,0.0015208996032763252
ck_e0239e6ae30795a7,0.08019871890907662
ck_e4459115cd8e5e4f,0.03381090896237712
ck_bb4aec09d4968dda,0.14605485621506223
ck_a1b4c96faed3e0db,0.03249428683644944
ck_8247b79ac67aae7d,0.017396035679053803
ck_fe2fc7d6e5d83f09,0.005662945046512778
ck_f6aea576cde8d592,0.0011474892089595387
ck_b7e7f7d0cd886412,0.09105069934122251
ck_ca7b993e8286af7f,0.004674189016108456
ck_47de038381a9cd65,0.028390677423942693
ck_d38f941d09eec820,0.10760354299583079
ck_d9ba2a6c0d926b4d,0.004392745185129055
ck_cda72f597330d0f3,0.0025295507776425456
ck_16d2d27fadeeacf7,0.009749394685883934
ck_be05447853d423a9,0.0015547266556894155
ck_cd92852d7376a4a8,0.0029063092113571685
ck_2faf7ecccc9fec58,0.0014681278415037747
ck_db8733fd92f20cd7,0.017404875972960036
ck_a9989a3a94c26634,0.027768035311102827
ck_957fb25437c75e41,0.04361552082106167
ck_e6a6caf6e7de17c2,0.007181347668402028
ck_f7bc569b37e8bdda,0.015416996407062364
ck_703b375dd86a6124,0.0217185776076802
ck_d3cfb3603f2c6ca3,0.041171566702937624
ck_07cb2b6f2a4303e1,0.03342809266894099
ck_31631e2028d4f855,0.011981804569924656
ck_1631bab0ba1256db,0.019435201298433204
ck_5fdafeaec036f016,0.023020063003033775
ck_6eda4c36aecad602,0.0037820946413455125
ck_bd1bf9e3e29de281,0.022272838773429417
ck_bf378ea558a4125f,0.4745542653003259
ck_7aa2deeda0e57412,0.9967268326442448
ck_d229cf7f5a3f38ca,0.006815713298189211
ck_9e109edd124492a5,0.0042828760882027105
ck_779491819995625d,0.722360515195705
ck_b89c6fa2ad0a12f5,0.010386694619032352
ck_1d01b4a609918c4e,0.8923013445125256
ck_714c5d7cb17bc9f2,0.007278750519946067
ck_269f1746f2609ed4,0.005087797922257279
ck_4be03a2aa62b93c7,0.002468373834389271
ck_cf920313f6dd28fa,0.015681450779616246
ck_fb00aae4e17740c5,0.017439978561789925
ck_085d8c42739e2b10,0.994443765533506
ck_c72a7d0d03cf3e17,0.07567848056779014
ck_8f6ca5d3b17eac6e,0.0030162663388901586
ck_d9573100bbff4014,0.31596453881488873
ck_79d6793d1d0cf43c,0.0027701281761582275
ck_91fa5032f7aff0f1,0.0846650264202002
ck_87110d84872c0fed,0.037583007909322626
ck_8220da627e9992a5,0.004474297972162671
ck_2ae44938847f3852,0.010904120250491658
ck_b0f191e44f9b6f35,0.05390045703990975
ck_3049d744b527f4d0,0.008959288020898836
ck_47d3e8d1dd3fbcef,0.027246021820437963
ck_ddf787359d2b5deb,0.002252921134100005
ck_b27a9e39726b26d9,0.0019116305854905698
ck_80c4e9274cf976b6,0.9908657390105093
ck_c6afa913168ce8fa,0.013348535718313336
ck_52427b3f8478db19,0.036730505440663495
ck_3b810f15ca0eaa55,0.006520692785713612
ck_0c9e420f97baaa06,0.8372125754174622
ck_f8540cf3a8b2f8c9,0.01697504950064414
ck_1402d24dd623df72,0.016152316856017247
ck_eb4f4267e24d042c,0.009593443939709453
ck_6f661b428d6fb8e4,0.038437508932831946
ck_519a26ecf3d29c90,0.007785033074975712
ck_e886ba71d4a6fd73,0.02325191186515482
ck_437f9ecd2016a1a8,0.035722209206874585
ck_f01af1b0c977cc06,0.005224901892314864
ck_614f777c2eb5d537,0.003928911539307347
ck_b804e784cde9af8b,0.015001291123619191
ck_c2dccbc1b24b137b,0.04084818378265742
ck_1df4a1781a0f6999,0.017872182923368958
ck_bd2cdd53fca26171,0.008500471166140855
ck_424c254249a109f0,0.02526776616187549
ck_cf2ca4f286e289ba,0.0857370453603681
ck_6c33cb15b0d8af54,0.009187143105305629
ck_311d395fa9b8550a,0.02760896211541386
ck_9f792e7e721ff7f1,0.0033136384051639317
ck_4c37586080edb7fd,0.0033633298808912622
ck_7c4f42c5397113b0,0.006251869634340999
ck_fc418f53ce4aa579,0.9157799857697758
ck_1ba28fb7ef726ce2,0.012776400723017813
ck_d932f98bf6b83956,0.07887000767335879
ck_248b3659a9239240,0.014736799516705153
ck_6a92cf5f4cf5de38,0.017764458976576792
ck_65519d0fb137e0c5,0.011427359568352191
ck_ddc3fc99eaba2064,0.051033383793600146
ck_7310cda3bc65a73f,0.006624561263977026
ck_c01c85bd631d4054,0.0038468309357015617
ck_b4954d16b9749829,0.019748493972956756
ck_f301f6758e170d66,0.03401036659660164
ck_9bf95f8c47e7c7b4,0.007051777450144995
ck_c91b7fccf6aeb4a5,0.04395588471503299
ck_785fa45e86bc5e95,0.010999935840036675
ck_2a65f1cc23f1180e,0.003932333534180447
ck_a49a2c1f881a3560,0.005217427617736082
ck_def344d68f06d749,0.02742849247640406
ck_abbd1465fc730d78,0.015237975361197134
ck_07a5610ed28162fb,0.008990385417509355
ck_7ecdee2d7127be8b,0.012664104002190304
ck_67858bc00e81490d,0.00115527980505731
ck_b4ad165ace910222,0.010345435512811118
ck_30753ffe481a1b8c,0.4809012782539643
ck_c401a26725b17177,0.003246197840356871
ck_819988d8a7f26415,0.005050573911820003
ck_3364a1d9261b3638,0.005466052267753642
ck_c484c5bda389bf20,0.0017868896014472885
ck_ae416325fef92c9d,0.8531714085320261
ck_5517b9a865960542,0.0035485474369613503
ck_a0e96fed380440b2,0.005648936893540703
ck_e83409471d2b0b44,0.02656262809230728
ck_127273af97d7827d,0.005649224209585303
ck_aaa9861c91bd14dd,0.00585857977524288
ck_a378c58294001a36,0.8878823524661811
ck_abb9d65ff1f95b64,0.031218109315557685
ck_a5ecbefa849ae569,0.010930554384934729
ck_aa9953c0ca2bed7b,0.0009053892009902464
ck_40bc6de252865f32,0.005292564299791373
ck_9fb11688dcfe1513,0.01892976604481969
ck_ba68841ca2ba073d,0.012137388927094853
ck_1d3e561a7d20be0a,0.975761347181094
ck_99a92d710a29c1d0,0.00944663527175042
ck_ede2e887697ffac0,0.002839428359038529
ck_e6de67c0d82a7b83,0.014680514246004162
ck_6b38763bf5ddbcef,0.012627177214121143
ck_8dd44eead7d765a5,0.017687349507912696
ck_30bf5b0056eea9e9,0.27758807058886376
ck_2981d16f8a51a8ed,0.05295611334410957
ck_fc60f42c68c7024f,0.04130890003625512
ck_8e2b2251ee224aa4,0.010603885896344816
ck_1906f0dfaf6e9bad,0.40690170498403805
ck_dcbe6814fc4ca0b4,0.034477346590423126
ck_f7e958a286ae3b57,0.0061103401351062965
ck_713649668a7ca824,0.008345900694857845
ck_6f73cdbf9305e2ea,0.01439335862909815
ck_dd1c490050cd9051,0.02186801785721126
ck_e30db36e376606f7,0.12226556970878355
ck_740d8fe8028b5a2e,0.01258976967944883
ck_ebbc9418cd41f692,0.0027658586623119322
ck_7b3cc6cc3f250f39,0.010012899441712124
ck_1d30eef7110809e5,0.3984604504136988
ck_77e0589ab339ca66,0.00663674928308168
ck_15ccbf8ff7d14086,0.009203839729447825
ck_246989b0c288664f,0.029225685256206155
ck_fc2a6e27b10b10e9,0.004188237941882145
ck_8afc1112c12f5402,0.007016202867991055
ck_a76e8d83b9141364,0.03329152754291372
ck_51d3e8dd7465c015,0.003017478120306179
ck_e7b4016909405981,0.003472626338237118
ck_e7a3cfb9bf908e80,0.032026940063391775
ck_2bb49dc2388cdc1e,0.0033604975674040743
ck_94f4266ee7871345,0.006878577841800375
ck_b2c896beec146477,0.030864229463070176
ck_fcf5d4a4748cdd53,0.002854786000128246
ck_fd0483639811f62e,0.10213147586571103
ck_9a21d183524734aa,0.07075471368617886
ck_1df4b46c0a4c317d,0.03773648052218063
ck_638df9e8a22dfe0b,0.015474956927813534
ck_65acc43a6dc3e65d,0.01922426253521111
ck_7c67b73196e3d0d9,0.018919756830402697
ck_b0ee3a98175b462d,0.0027791522151357027
ck_20fad010969f1abf,0.003902438797321405
ck_54b087bd873af8b8,0.010036892594394423
ck_8007824431fa803b,0.007279660411837734
ck_23aab322810b9fec,0.0120044428621059
ck_c8001bdb9aafc8a6,0.016701326140183888
ck_3a34c3ac83cf84b3,0.0072601783653085785
ck_60187ac2c473a662,0.9719292525012678
ck_6a0ccd7357979f0f,0.08977173757902437
ck_27f20337bef5ffe0,0.03603084125728346
ck_f9fc468915afe49c,0.026216109630619256
ck_1eabc15a94bd9009,0.014134292862088524
ck_26896c494b2768ef,0.006040540016198233
ck_348c874eaf0354f4,0.04618874205510446
ck_be9c46acd216b45d,0.013015735912824733
ck_a3cce46d15cc20a2,0.030040479614291075
ck_70804f60d9704128,0.05473193614602875
ck_a019151ca8e7527a,0.029387197632374313
ck_571133b2aa8ead51,0.051858036178028144
ck_0afa4449f20d5196,0.005312369391618242
ck_4d503c41cf4e5034,0.02322642988241151
ck_d6fb9cc5171e3e9b,0.5810076120557395
ck_05ed92a7c3e10e5d,0.029205748989596988
ck_bfb067986660afe3,0.0361098245263454
ck_c1a31690c8573226,0.005242158611606186
ck_cb88ef3dc1f42225,0.003851074530480575
ck_21e3b3bd998745e5,0.10911000532278228
ck_cf52e46fa54e4540,0.001537048714960884
ck_b72c7ac4208052ab,0.03161103661770824
ck_e6465c56b337e6c2,0.01109321595167752
ck_5f87eb05d18186c0,0.006371787848514598
ck_263f6c5ff26b5e98,0.0043074060726441665
ck_e0b7e2c0bbe228d9,0.005049690880784091
ck_b657ae3c146cb7bd,0.0018394704414779607
ck_abac514d8167ea58,0.06616733287411666
ck_024dcab126876002,0.015456132084908964
ck_5d8481e2b38bd99d,0.01436942853271844
ck_edf229c17d25dac1,0.1005161678622191
ck_6cb7c97b72d6b5d3,0.01588663168417882
ck_c96ae2c28086a059,0.0344642422212156
ck_2f241b97c0f8389e,0.014985345742809911
ck_9158bdbb63ee8987,0.0050348885410037075
ck_e7b40b60786c1530,0.012874872452113696
ck_66d38518f68e6194,0.0027502307254748206
ck_8c9b57ad2a991416,0.010953318493949746
ck_cc91bd7152d3e9ba,0.021185655336914015
ck_0d846660c7957a88,0.011549861584344366
ck_60896cdac2212bea,0.06259240625536865
ck_dc4db8b932df49de,0.02853776582615035
ck_2dc31db181150e20,0.012476196489290813
ck_2f138fce1171e277,0.025726301747461128
ck_68b8b859a6ef505b,0.0270362246061884
ck_c3fe0c6c5e1f40f6,0.008661240387348664
ck_15886fe84866de92,0.037364042114821895
ck_ea269b35406473e8,0.0017930103291535127
ck_3ce7cad1f69b71d6,0.013043508410474783
ck_054ed4288ee58d6e,0.04260382707679444
ck_3d4913a86f207fee,0.055412837160579945
ck_23ff85f9d2355e8d,0.010968362102011122
ck_d87ab3261322216a,0.0034832628443961446
ck_fac046ce336fe39d,0.01062382446891038
ck_beb97e498e6cf8e8,0.016861236557249543
ck_1f517e0ebf397b51,0.020498550652079582
ck_0af57ebaa45877a1,0.013823758734284113
ck_f99bc1732ce5e999,0.04338143460091973
ck_abb056a9deab275a,0.014375350603763748
ck_0bfc394c5faa65cb,0.014963348629658878
ck_ddc865af1dd5670e,0.010003783082557208
ck_68b5542459638b56,0.05710069923173594
ck_0b1d84252c0b46c2,0.006966887451292156
ck_520ec32c4f253604,0.020285399572665026
ck_79ffcfee599d77c7,0.012084380343106656
ck_eb224c0fd146253f,0.03601359647414387
ck_0e477084434da450,0.023701165366660622
ck_07840bba5570785b,0.15491089979869732
ck_6b67fe8e310ab865,0.01468099574821126
ck_e2a1068c2fa22525,0.020682443922446992
ck_b9c6b32f6bd92a3c,0.005331607700634489
ck_c1e7d1021ae58f00,0.0019185901474286276
ck_5d7801201749ffde,0.015153958803954436
ck_c8806749e263f70b,0.0019167342373442326
ck_c9eeab826781dc91,0.01139291982036516
ck_309a432c160a17b3,0.011893455814709259
ck_b22e3337b8e3dbb2,0.005622824768241729
ck_79c30169c71b8033,0.8083368565029859
ck_5a6593d954085775,0.004470327504949584
ck_70b9b79ea1aacba8,0.024847059521672005
ck_63743141ffa11f45,0.009539395998911567
ck_dfd3dbd0d97a642b,0.011028897933037003
ck_635646a661f05b4a,0.026881550421184876
ck_4b123d6931b6d0d7,0.0630413340923586
ck_f2b0e7a47f442557,0.8745804857232489
ck_1b1df006b81d38ba,0.008969620494950179
ck_360237c1bd30f4bd,0.008804578470972697
ck_5e84bca0e362da20,0.021623215184975966
ck_142dba210ed2f3b5,0.11366459144001764
ck_a3564236069e3524,0.04106049711480751
ck_cf36d8b070ded782,0.01432064636438801
ck_ddd6625c5eddad70,0.006571451542422051
ck_ad54292a0b2f44ef,0.023987484710098053
ck_45cd5ef6b359e9b4,0.004482801768754135
ck_982c2392238b7be3,0.4156160435577855
ck_083e4ac78685c3bb,0.02021631556800475
ck_729cc0b46cc2e546,0.32676535800261736
ck_f2b8995fe5402759,0.003819511895189726
ck_73e24f5a8da289b3,0.09106823647889717
ck_bd85f30c36f5998d,0.05878530732669434
ck_ee4ff3aeadf912c1,0.0036440948032726126
ck_63d2978706e193d2,0.024153803388591317
ck_6a0684436a1e66c3,0.4589416327153312
ck_182dc4a2f5a366da,0.0026213524314997027
ck_e6fecb82fc2a82de,0.010581681989029468
ck_cfb06f07394dfe64,0.0010506893046052952
ck_7bbe1dc8add17ef0,0.015542585991165625
ck_5cacad76e02c8e3d,0.9667465036864812
ck_ca68dec0c7df5a12,0.00378619813183487
ck_e4c0fc52c82065d3,0.00564292261683094
ck_f9197b070416f443,0.005442100141395174
ck_2a07c7021b71cf65,0.030093986664664178
ck_4fa85cebf707de2c,0.0015843024124605131
ck_0063d2a9507467e5,0.010544271145979571
ck_ec986285fff05b7d,0.004336002259033722
ck_279d43303708109b,0.010129929934468814
ck_a406bf11e48cf8c5,0.07379586613744205
ck_064b2aa3f0bfdb6e,0.017920304509519987
ck_95790440bc4bd2d0,0.005736541272200133
ck_70066eea13b4c34f,0.00850767844824733
ck_19468fe07e26f992,0.9567872474868884
ck_86bfe328e0a533b9,0.8215800919673478
ck_ace3b96c977a7560,0.13019875907707196
ck_642344e5c652d8df,0.03363545875582937
ck_074be35c951ae10a,0.02155276103793382
ck_f14dce41036486a3,0.9787933345640248
ck_5cf67a3a747e684d,0.11503133895474928
ck_f7285b92648c1c81,0.0030592279470451145
ck_bef3193f124fca5c,0.09115782929696371
ck_05c4dcbb45de1f8d,0.006216546351108815
ck_d7c28eaa05bb7144,0.006073159391798635
ck_320df984791a1b99,0.01092044217938136
ck_f45bad1606fa00a7,0.012965719960132118
ck_6f81c199e986d9fc,0.006436173788255513
ck_d0c9633fed57c344,0.028563562672032927
ck_a3c25d6cc7478068,0.00732668632210458
ck_4185506d12cf9fa0,0.0021245630746519525
ck_7a02ee1bfba7353b,0.017727819368659338
ck_1b52590757c0fbeb,0.02384053069207848
ck_a0e5656e1cf9cbf5,0.010518101081052922
ck_ace21f6daef94f6e,0.0063503226673915
ck_646d8d0834782d6a,0.22895275250148367
ck_1f136a4476b5e775,0.008142615941976563
ck_325c7643cce02da3,0.04702940999267494
ck_9b5e7fe28208f5d1,0.010598940523220381
ck_05d81b1a150f31c5,0.0019884634816431618
ck_0e9ec486bff403c5,0.014284136010805151
ck_ee13c091bc379188,0.01907566177661694
ck_f7a7f8f5903617c5,0.009040551739367535
ck_96c3a3517153390e,0.014305846380234386
ck_538dad7f096458ad,0.01780742694696595
ck_8758fc6622bbb7df,0.02410830223904159
ck_f7e53af3c91fec64,0.022441274448571365
ck_80b50fad7f255e1d,0.016124854280629583
ck_9645e7adc08631b5,0.01599004427351778
ck_e007aedbf37d6ec7,0.0060212781263865554
ck_2951d76c41de2569,0.09038951048705915
ck_9439bff87e616d4a,0.018162623311514522
ck_a73045e96af0e4fe,0.01580156829187142
ck_7b382e533e2e925a,0.017847546691487942
ck_730226c2d216cacc,0.01706307140284931
ck_bdf837d761a7cec2,0.5338300508059886
ck_0b34197335ba3341,0.008950756366157143
ck_49170c4b31a20f5c,0.0030310703815335247
ck_cd553ba6589d8bfd,0.01856971967261662
ck_56b992c6f136fa5e,0.019580882338486864
ck_8beae3d7328fa41a,0.04753882857430978
ck_1a065ea906ae3d6a,0.005614400775285641
ck_e9e3381d5e0e5051,0.003616304044816699
ck_a6d4f998dadc90c2,0.9405125609076896
ck_d36733da917115a6,0.02773739346655384
ck_e738e920bbd74a7d,0.021537436302557084
ck_af65eb885a51048d,0.0026387995565116344
ck_73f4eb09af29b1c0,0.03951906335824712
ck_8fc641b1750a2542,0.04134404076421428
ck_41b954c7a948c060,0.008093550049739155
ck_25fc3010e8a0f6d7,0.011589317056676972
ck_a2624e0387974e0e,0.04461208496562301
ck_5cb9d7b2329d5ab6,0.020735348029195425
ck_6c83aa1d100a7cd8,0.076479187835784
ck_67025c64588abd1e,0.0047133464653923
ck_f5dde68f6f0468e1,0.005924003704202782
ck_46bfb2cfc29a6d2e,0.01757803676644157
ck_49dddb894d33f6db,0.05025242399982865
ck_f738b633b8862d18,0.000651276223102657
ck_3d6c3c00d854f5a4,0.08076959136727647
ck_cdb8061d8d1a6c5f,0.006775549187355434
ck_5e1b81848718bdc3,0.014607201766565204
ck_8def763034187436,0.033761624165000254
ck_8f8e4fb9c6190272,0.014108552111971283
ck_368b968b5f33431e,0.004026893626560884
ck_ba7e347251ea399b,0.016822601111454956
ck_9075432001a64e75,0.012854883197542485
ck_73c5371635aca173,0.7377857942838153
ck_81793387b38047cc,0.0051031556735283545
ck_0cf220816e320ac5,0.006128411388723093
ck_820219bb9c761b52,0.21516174403042793
ck_70a932ab39d86a24,0.0014740711620123254
ck_2c4be237a7ed79c7,0.003888545410433467
ck_acc764b49ef02826,0.49039432161961766
ck_74c3c3452e4e7cce,0.003439029940413759
ck_34dfb57e5bf31d2f,0.09957886904877994
ck_6ec39903f765956d,0.03360747122732969
ck_5986119e7d81e831,0.018663513391455642
ck_2ddfc948b8eac752,0.6001538417817178
ck_921ff5ceaf40a968,0.030074301304129334
ck_fb3b68b4424b5f92,0.059245767577634854
ck_c3db1b3ad4f16679,0.011789006676158224
ck_124a197be41687f5,0.022296437363279735
ck_c58d9151834f5bad,0.016536626861166335
ck_389607982eb6b701,0.8862161645236631
ck_fb0c138c003e933a,0.004153175557584683
ck_50d0bb7edd8c69c0,0.02951271829893073
ck_c6cb651149dc9a8a,0.002570097468877866
ck_81e21354e477eceb,0.044711279203802544
ck_7696e38b3e4197b0,0.011990426891217779
ck_586001d3ed9e7fbc,0.0031577536643932146
ck_bba413492dc46f2a,0.009437838205454265
ck_95b894380ad2702a,0.05540095011000553
ck_277621473369614f,0.99076213322037
ck_a50621b5eeca84b4,0.001030458814054204
ck_bfa7ba218b988cde,0.010929849693597985
ck_5ea89567dfe78e4b,0.008535215013975372
ck_6c679602a6476ab2,0.019774383037091114
ck_d3885e286b3b11d2,0.027907809628438397
ck_cdcf6671b37c9c92,0.010257182431969093
ck_b5c93e6d34f8d366,0.003602651033095251
ck_c24f61925dc158d5,0.12904708980009166
ck_cd09375e6c81d2c4,0.016218050994536607
ck_a95afc7a00303a26,0.012091325961877111
ck_8e89ca8b39f3f8ad,0.005011839842430694
ck_9a84b396aada3fa8,0.0670295324339449
ck_5124a2e415384945,0.04457050585161396
ck_d66bb1f063357f99,0.006974530444338283
ck_0fd9312411b0ac55,0.027111471019262798
ck_ad8cbe6e27e47ede,0.018139310114164326
ck_8398adeaf41f9cae,0.013848089996993282
ck_dcf851e7bb5855d0,0.010227837155942766
ck_9affb0f26776b642,0.004246306602140266
ck_f0424b3b36bdbef0,0.04560084672443795
ck_66746d1090d6d9e9,0.0014436879928006055
ck_e5f8c8a5824db594,0.020111863517518692
ck_3e91dcc209431984,0.03442364947658878
ck_126a82e8d42e5ce6,0.003230589481711634
ck_38e4a74ab256e2eb,0.03456754904477594
ck_1225a97fc413a419,0.04658616507737481
ck_9b5ec0f78e160e65,0.002209860374021762
ck_7c5529bcc079600b,0.009442649783615297
ck_29640fc2fe81c251,0.6115080040456858
ck_160e9ba0a3f7c1fd,0.007403625156101197
ck_bff090cb4ab76b9f,0.029529786288267527
ck_aa06ed358e43db69,0.1812945756145982
ck_7264486eb512d84a,0.0060608493483928026
ck_f5a32e6160b28379,0.008610481736228432
ck_4ba8bec14c2217e1,0.012913706224660187
ck_610815786d729d2f,0.020062524400489
ck_e267999226b6321b,0.003754404438486387
ck_f3996a3c8eea1ea0,0.028108575513109083
ck_e9b75ed7567a3f23,0.016491997772184377
ck_d21612d48bb4f7b8,0.008341014903335754
ck_1f871df76c6a995b,0.03822229782677672
ck_953bd5de48ccd70f,0.6914582429161505
ck_02a9104419a6dbaf,0.01072036545318283
ck_1eeeee651e05d535,0.03635215830621669
ck_e2ab04136a442a98,0.006946931574953891
ck_f0d806624ef3d359,0.0068105250135371736
ck_4b68b38c1b3326a3,0.002810247147922082
ck_74e60495f8861156,0.020167759658192213
ck_398f3f4cf05c721b,0.002641494592670795
ck_f761b7650a0c1a85,0.04602197621077307
ck_7dadef33f5e2d94f,0.9905047834598886
ck_6ff6883633b8c7ba,0.00254161646425912
ck_4d2159603045109e,0.014585954510111077
ck_a38bd07a5fac5c9a,0.005150851051819638
ck_f517f06551e69507,0.007076642239542711
ck_a7ea00a1760ad561,0.9932554168171469
ck_31fc51d5a3dfe16a,0.013668638504582414
ck_bac5233623b25ca4,0.01473988006178786
ck_385188ab27784fe3,0.07141585814742057
ck_9947a323bab5cacd,0.1451090044593731
ck_7973edc9f22ee7b6,0.030199337135985462
ck_f97c477986043755,0.007257332027646722
ck_1a3fd2cc4b4de196,0.0066355048312649175
ck_e18ac29ea62cb435,0.0357791799167166
ck_9720a472a3e0140c,0.0031845396916115867
ck_668c7fc7d7e47c0e,0.049641544465682155
ck_214af0806470ef48,0.009470708276164228
ck_a46c1773f01f0be7,0.036342396137270055
ck_f2bdcfb4203ffdee,0.0280429276164493
ck_40e84e6ffe788a4c,0.022778363438017386
ck_dfc6f5712d8d6678,0.1271281662139191
ck_01ef1036b2e66a4b,0.008892942512917121
ck_3acfec10eec32f9c,0.026347332421453557
ck_084a85145c15ed77,0.016817959640870947
ck_fcdb4fe2f095fba1,0.061846687777996796
ck_023908db0a193076,0.10224121875067348
ck_fec0ff92fd622253,0.014681431246419331
ck_c009c97d5fafbced,0.1528839615090947
ck_eb9f0c06ee017ee5,0.011410422204293618
ck_d7792b429620fc24,0.009110606838233589
ck_5e9e149a3b69c726,0.027774204699286393
ck_ce927322ef8f651c,0.017249060412463005
ck_b8fd61a8e82bce32,0.9892696787812922
ck_9aafc33fba1474cb,0.007287862119361619
ck_ce81ff9b8b35562f,0.028961195448730385
ck_25bfca1d8eaa152d,0.012912696193680035
ck_170c65860e2a7e23,0.011428603097263115
ck_952da7ca9f33decb,0.06828410128027354
ck_1ebd574406235957,0.018738506052683644
ck_589109a188adc2c1,0.0043256922908196365
ck_f0cbd5383bb07778,0.03836567707608007
ck_242521e261148fba,0.0068782917787574786
ck_509cece86a558de4,0.01273064647325482
ck_0dd7c5925d28755c,0.004050063979909859
ck_a7e669cf1c3985aa,0.03032637305188077
ck_acb84dc2351eeb76,0.00356025830372616
ck_b837c7dac2a9b931,0.013326545794648896
ck_18eb1f9181f95df4,0.004467756053773625
ck_b0b9047dddb1ec84,0.35947917562156717
ck_43aa136bdb0a2832,0.18004807618653312
ck_3e47f8c56c811700,0.017640559009916748
ck_77c587d24695ea15,0.03162775120548088
ck_20578ac693ea4e93,0.022571990039560827
ck_b9f6040eebd1605f,0.0834947932393688
ck_ca9d86f65cfdf018,0.011274305595233677
ck_a4fa8833995c716a,0.020109886705296984
ck_f589f1e29301b5fd,0.007417475154041549
ck_961ddb8ff55d868e,0.0009474879326719774
ck_5662492a54e6688b,0.08208838740940909
ck_ad48826c1c26eb78,0.7474344223260434
ck_621c9ddde6bf2eca,0.027666199790719635
ck_417a3500b2c717b3,0.0275995015140411
ck_c7e129058beb3ac1,0.015735069200316466
ck_ec1c902b9b9b9c5f,0.2547252292121849
ck_317360ec0a67d27e,0.24970169856615068
ck_3e3ea5d8c4a229dc,0.06454349434829865
ck_d11d27de7bf0b973,0.16429650342658347
ck_d37d56e931105db0,0.004635026748058749
ck_4863077723cd6ce1,0.0027725332425501273
ck_479a065d5903e9c3,0.0035054511733626755
ck_e66ae4fd586fedea,0.0021213474208754382
ck_192bbfd0d5720134,0.018105551312512652
ck_3b436cb29af99f3d,0.01602515099639458
ck_7c7ca54969eed187,0.01683318848725947
ck_826ee896c9f1144d,0.15616053146489664
ck_ba1f6dd43fc8a0b1,0.005255657538601451
ck_49685deb63e4e8f8,0.010376661067630966
ck_687ab5d5554bfa79,0.024367215801658824
ck_41346ccd9242cc8f,0.0030774293935995206
ck_8f8e5e2b9dfec3d1,0.025458438751544327
ck_94d5ce61a0c50465,0.013643838620194181
ck_6b954c75aad8c012,0.036730142663306535
ck_748af92828c9d288,0.010989011842619552
ck_dddd14091ce812c2,0.012204605664647853
ck_723323f6870fab59,0.011250104208212182
ck_dbdf8d0708cc6718,0.011945831751720282
ck_f04938570a154de3,0.010679056814580246
ck_58afa1550b3b5294,0.016765368875990085
ck_3b150afde386ecff,0.021201453451779248
ck_666b95e75d99ec4e,0.7774190969180563
ck_e00332597cf1eb24,0.034759766185680725
ck_9a9e3dac79280d7f,0.03441020474272959
ck_e8d37262e859d9a1,0.013530080729760138
ck_895bb39d24bc1c4c,0.0013796038210536156
ck_b367449195e36499,0.01681813145368228
ck_d23f9a50d1135ce1,0.1314787999580379
ck_670dc4910cf476c2,0.0018894298207886105
ck_3ecd8a5ce65e21ca,0.011064220808689828
ck_8584fea2df4c6317,0.022051911452520643
ck_0789ff4562202b20,0.013052925227148928
ck_749e0e50c3907be8,0.004932267235434558
ck_c3ff6790cc6d7e34,0.0033716996839158984
ck_75fb7e56432ee4b2,0.008125710489030095
ck_529fc3170fd11abd,0.03033878909198157
ck_34a69b3b4a681796,0.15496322046731364
ck_255f0e5888ae9e23,0.057353307522430584
ck_65be698386474170,0.003969012372992544
ck_5eec9ed855c26000,0.004158421252112941
ck_5ab39bdc9610f6f3,0.7014436491349361
ck_1b5b75762f033462,0.01614110909416639
ck_d3e208671cf37f91,0.8754028343941964
ck_5068ee554ceff971,0.023488237969959115
ck_d7d50fb57fcb2d0e,0.003316661158338966
ck_ba6e1115fceaa067,0.07175428093309859
ck_d07bfb16a4a7dac0,0.8595276240318153
ck_ead68310311690c8,0.6208352832154096
ck_ee53ce862bc9c111,0.009735889454097686
ck_97e56e6037024dff,0.005271213005903604
ck_80b04344c98ec072,0.011753384647914008
ck_5954f45a2ab45f43,0.026570372763257345
ck_18ddf7e836256e3b,0.014645123118145009
ck_89a1a780144d808b,0.013116964866496083
ck_a7331e8b808c39aa,0.03954038880037296
ck_a1fd0ad03ff9b776,0.02519173851652072
ck_c0cf50eef030b401,0.00218394884024204
ck_074f20921189e7d6,0.007581965534036079
ck_e2aa7be60794593d,0.06942207716239801
ck_72771757dfb7f7a8,0.01567064153853678
ck_a9cd84a6dddfe584,0.013473193759575225
ck_142c00f9f8557504,0.02563514018624526
ck_221b5d40358230f4,0.011474365803736614
ck_a2d7a563f520b7ea,0.008587916693365174
ck_66cd34bc568d95e0,0.019583495188644443
ck_a17128972d3e507d,0.00411553502476991
ck_bda299466bb2136e,0.01287134458657898
ck_2b699066665abe8a,0.012475779085042778
ck_0ac9848bd4ba0c14,0.001955610478883197
ck_98d2f9a6ba3a3077,0.6490843050934124
ck_a872df31b28a5f7f,0.07522312793939338
ck_7e73e1d44ce82ed9,0.013322736790436758
ck_1a415416f620d49d,0.008309811720875502
ck_c95c786d2f8b8edc,0.005485106320373874
ck_e45012f22b7f91d5,0.0026473896269986813
ck_aa0b083e2a6813eb,0.03182737133187373
ck_4666232ddbf77756,0.008179296320530096
ck_e08e9c8ec5f23d8b,0.008808856473182764
ck_31d4c0518e5f52c6,0.002153924907769214
ck_c1ab40638f04cb02,0.013895918482682772
ck_4c1fdd1669c7cf51,0.006223981454807844
ck_11662cc7940ffc82,0.06651154640019154
ck_2e679af24adedac8,0.00451613444759567
ck_454b9e21b7f25a4c,0.001657316986784192
ck_355c4f29089731e8,0.544697302169398
ck_507e40760a24d2d5,0.029455616694232366
ck_0943e0f305078e34,0.9572741889890447
ck_abc54ed7111e9ed1,0.0037871811255824114
ck_a60fe02fc04407a9,0.03917280620796948
ck_244b897bb4d57c1f,0.0054397999388049595
ck_8c84fcde93a04334,0.1362552523145542
ck_9eea37d2de633b27,0.010009169140786898
ck_b2cb9e6610eca967,0.009276779576519597
ck_09aadb4c41b166f1,0.11540950652127578
ck_8d94fbb4828ef326,0.008897009816750864
ck_089e3a07abbe3b8f,0.008011643066957298
ck_dfee9de05e3971cf,0.006532816648188035
ck_6abf8302ce052451,0.09918346330235589
ck_6ffa90143838a4a2,0.005380381218543921
ck_325caeab5c7a9c3a,0.006380985989509872
ck_1964ee9db929a173,0.675221253392983
ck_942b95988a6245a6,0.04434963499521912
ck_913ecdeeb8e21a9c,0.012639067465983115
ck_ecf9794349eb4b3b,0.026609910488755873
ck_b6cb8d6ae828eed1,0.03395179935291017
ck_2f82ea66c4f53b33,0.0957540508481174
ck_6e676daa4855b58f,0.08726169646778109
ck_2a37fef48b44e9c8,0.015905222604018627
ck_3bd12d468fdc2450,0.014802775462882922
ck_1a28b6a40a6bd3b4,0.0555869421197011
ck_61b79dec96d15713,0.00354615993327802
ck_31d5e3daced93d3c,0.005054179101616759
ck_e6c8611c0cf233d7,0.004889058411612919
ck_f04761b4a937ac3b,0.02156367003675747
ck_38c1c75cf055031b,0.03005803388788347
ck_59a561f3df01441a,0.01294089246288005
ck_04e40f556a5062ef,0.011595877615332706
ck_8409716d174635b6,0.0171713444379319
ck_3019afee83342701,0.019251783862663942
ck_b51a58e7f032c9a8,0.04207338365286788
ck_5043e474f848346d,0.01211303383158098
ck_4388abce33ecd01b,0.2962935307649209
ck_c93def7392f0aff5,0.07571378304468915
ck_72e7b1acc19df820,0.014839544926982392
ck_f253130dc3ca5b3c,0.015116192632879224
ck_eb264d1b180d4b4c,0.1551098753469403
ck_c2504f5a113433ee,0.008040183062957574
ck_c16ab1e4dafb4910,0.16276638709559177
ck_4bc42878fa180991,0.015558523332147654
ck_1c771a7c78f6622c,0.03819335933173585
ck_d523f0e50a2747ad,0.009016166760078388
ck_9060f4e7ab7a1b0c,0.013322509254215893
ck_6b55ec4e87a5e22c,0.07186937067177934
ck_55fc62a5f89a7251,0.03356754275208703
ck_bd2545c62f258231,0.032761025359536115
ck_1ccdc69d0bb712b4,0.03202757970023401
ck_710f867a3bd5898c,0.004697790250229256
ck_f91d48c40337d375,0.024914300645067874
ck_f76d929541ed41dd,0.06242471641997158
ck_e26a6659c237b650,0.019992698056569183
ck_184983177b73dea5,0.017708331054386368
ck_6d0d081bfa8a0022,0.03337216084676509
ck_2f6e64f638da0f97,0.003220977096572053
ck_15b93103ccd38609,0.010238100148000714
ck_094d10439b7b4eac,0.009382772987361477
ck_d2ca47180a926ba2,0.012445370627681907
ck_a69ca7b9d70972bb,0.005453386479532204
ck_68914e67343a7d32,0.010433747604064781
ck_8176616132458c0f,0.01500735767890476
ck_eee99af3598311b8,0.03582327205805302
ck_94410eedfca91304,0.02759575459017411
ck_cfb11a0a2325bff5,0.004103727545320167
ck_75217ee144b715f8,0.07671483266805659
ck_d56fc799542299b8,0.0029773578905557653
ck_4c352dd3e7c81269,0.049816022359506086
ck_e23e50e02cb3904d,0.035459353977156716
ck_b921af37d500e139,0.016697653010118354
ck_82181b935360dcbc,0.9393494101301348
ck_22a7cf3b99c5e5fd,0.013529173705331925
ck_f67ee7910d532216,0.03963789825512759
ck_5f48762a14a0326f,0.006505678475956947
ck_1757fcb0e6e3f88e,0.08303380897610989
ck_2c2f080ba185016e,0.05889887974003491
ck_4c25570eb72711b8,0.003194594768919077
ck_a3be871ca22ac416,0.014212440515005597
ck_ab70961e7c6695b2,0.005220177447464085
ck_a1cdebfc42a52448,0.004196772074714772
ck_f1b80b821a20186d,0.05676869432413155
ck_ae668e4564cd2aa1,0.002060137472199718
ck_0e2bc3a5afa439d8,0.07618527525186831
ck_3dc378f37d0b74b8,0.041638640991798745
ck_9f9555197480d1cd,0.011755897741043141
ck_bf4e7d48770a4a8b,0.030987593048463647
ck_614ef655f0685060,0.0065284035791099305
ck_04d2ea38ee27770f,0.004647849079534927
ck_e03a9d8ac94161d5,0.0061885489555608296
ck_d4007b5b26d9d854,0.0020390119439885617
ck_2dd147ce6d61749f,0.036142334357873875
ck_ff45764ea7d6619f,0.0156880300942064
ck_dbc487cb0a6c18da,0.7214538633074234
ck_791d5392bbd80447,0.025081275461158088
ck_b4068439c413b150,0.02932356337985862
ck_85df7b7de9700aba,0.01042203003530962
ck_001e42551cd06e40,0.0062035347281016425
ck_a6c02ae50932cd9d,0.0036787940071272935
ck_9fd0be2c018ff5e4,0.021973938714856336
ck_32a495128395fde5,0.01455880932880199
ck_b6f2a2fd232c141b,0.03948367905713663
ck_28dde633692904b0,0.08621636864833815
ck_a1a93c5f375f6021,0.001995412447920167
ck_e3982142336782df,0.025412619722070616
ck_a9812ff3c111ea94,0.036509093778071676
ck_f04062216f95fa00,0.024552320059798984
ck_7c560467daca735f,0.0010687908882028563
ck_76ee10d6e2dba70f,0.03650030060545898
ck_3521243bdac61178,0.015354917411534547
ck_28588fb03b320520,0.03755903511411284
ck_580dcec33ec232b8,0.031134458741603747
ck_7109923fd7dab20a,0.015912843585659812
ck_7c872c99481c1e9e,0.017739166419897666
ck_46f4e1f5026f4d1b,0.0009816104446661086
ck_00d1ebc31ec4653c,0.0157322322008825
ck_aac70764dde15168,0.016585358507510393
ck_648c03f9aa4e45f1,0.034248599130715755
ck_5478eb69ef912785,0.138171737459149
ck_79b8523137bb2603,0.031800421583232076
ck_795c49f312640019,0.0013566658223312558
ck_89184bf7b7fe41cd,0.27080586625622943
ck_97d4bd922996fa10,0.020882740056353856
ck_1cef30d08f3a598d,0.0031485540937588514
ck_2f9fd36a4a40a6a8,0.0016539950655264906
ck_40780fc0f8d6f309,0.025541759343838965
ck_9083ca9fec2a7f4c,0.009283050578205379
ck_62081bc35aa59931,0.01364071344742638
ck_2e1b46c5fc56b863,0.08745343391025816
ck_3d139692c51b604a,0.07234510419051939
ck_b5e54e22e3d6960a,0.015715226305209502
ck_c0c4be3f44311b04,0.004359072961039887
ck_82a8bdd2692c2a5e,0.005631519872962022
ck_bdd2da300b530c5a,0.009275333144045566
ck_ee40498cd97183d3,0.004694706042945975
ck_70b9274473bd6dfe,0.004449548437845754
ck_473d6314ea614b29,0.0065096274297141805
ck_7443d6dca8cd1352,0.007171635137009929
ck_3b49768b448b071e,0.009034454140468245
ck_b43f04431c267dea,0.0019438650045517716
ck_4424a5223ba2fe00,0.014808267143558356
ck_819bf3e8231f4081,0.024120047520599156
ck_91d417507a8c58cb,0.11061220386292464
ck_e88e86b19cada4aa,0.024045362845299102
ck_59684167f9c6bf4c,0.06913919373141199
ck_d5f5b0dc97b9dc27,0.04320957148110716
ck_13d1b192bbff8f32,0.013968089074544674
ck_b21d8630387cabce,0.013076746490793123
ck_e4ac22046699b99f,0.010119516279136357
ck_74b848064f2ff45d,0.005777259978981945
ck_166aa980cc87fa77,0.04800619308166072
ck_98e337806104dd88,0.0032303990898063634
ck_66eb09be007f0755,0.01604163677483221
ck_3ec9b9d8dd7be11c,0.018682607002862544
ck_8b8b9de339d75d0b,0.012738804692024343
ck_6715139e240007d9,0.0057025313087154085
ck_a0255ab46e122d2f,0.001843179593427287
ck_66e81a4190c33510,0.006268257153954853
ck_5d75ea4f5c9080bc,0.40008746282282803
ck_df69858b8a8b3165,0.018302078029362612
ck_e15252ebd7553422,0.003769814808037257
ck_34d6d74bb3ed11e5,0.0028262033542315675
ck_c2608f78f6851d10,0.03721463517430911
ck_bb99071e8f58c8a4,0.8355409566889014
ck_06010f0df5b7cef8,0.014355019651365595
ck_8c582eb0f6c0148c,0.00668592037105436
ck_0034d010d28aea78,0.012200478413144164
ck_01c1f06692566ca1,0.006297087743888726
ck_4807726e797fb893,0.024217762141366877
ck_edc9668282e3c8cb,0.015009362082422612
ck_5486768475af7bb5,0.8840781367453494
ck_3fb9813849e51837,0.01664546830425314
ck_861af5a9a9a6d619,0.0032885199956396616
ck_da39653add0f1109,0.0028923216332888547
ck_74a4244eb1f162e4,0.0013491848558162857
ck_9a930faade55b8ea,0.004465852932633839
ck_fb6e06ca88519dcd,0.008321197548960811
ck_9776cd8263a9f415,0.009154987425615494
ck_b3dd1198ac5aea73,0.015330325669845234
ck_b6675a04df1a4276,0.006727098065531021
ck_5c7ad6e731b69333,0.23227857321108605
ck_28dc0fdbaec00580,0.22491203420700423
ck_8e7a32f7e3905f4e,0.020720660885387335
ck_8563fed6674afc77,0.007279309486638477
ck_9a2fcccb82da663e,0.010020631828470251
ck_6a519bdac0d94527,0.0027153940814639826
ck_a0dab7aa9c4a39a9,0.004290324206535005
ck_a3ce05e9e5e32142,0.006991099198757399
ck_7a7e40ee3f97c035,0.17209042353887613
ck_9e9a830785112a73,0.027560574011027163
ck_ab1bb02f6b189304,0.19922574081621197
ck_7b8cb0f90fbdc8c6,0.005196694841286898
ck_b138fc249e659e60,0.017764367812255908
ck_e73caa3771ec5e0f,0.003982413077475182
ck_18a55b06ccccd88b,0.021628326213701338
ck_fdcb1d9265d8fec1,0.028396047924594478
ck_e21a900556b382ad,0.01810992543058993
ck_c6bf67470f526771,0.019667232655686824
ck_b568ba3837afb39a,0.0008611622205479518
ck_a2858979dd5645ef,0.002021177953518364
ck_1da9d40837ebaa57,0.024520900077615954
ck_9341c7959543c542,0.0024038680064305054
ck_c8ad86806b9a2369,0.052551957184619094
ck_5c85d93ecfed4b0e,0.028949657401082577
ck_f07b09879d697b82,0.00598963318474037
ck_fe43da07608b1749,0.015633241699607343
ck_4bca22b5926b9c28,0.0038366461309557293
ck_aba573aa942b1d41,0.012532776362844415
ck_57c14e32fa4683bf,0.003411753076376994
ck_891530b489ce402b,0.003096364734566848
ck_5e74fdadb93ff293,0.04504280710082547
ck_14436a409ebcc90f,0.010107102263554983
ck_00013fdfa0bd37dd,0.009701013602181124
ck_7dbe24ba01316775,0.0900051359319903
ck_0e3f80c1553c591b,0.022043314089585337
ck_3edc45db58760d76,0.009580005244529831
ck_29076a13f539187a,0.41191952706133605
ck_b1e81b58b9a545ce,0.05693137982928717
ck_3f8571d4f7420b2a,0.039404006922646256
ck_7dff6abe4bd644dd,0.5906061290876672
ck_2884bab237af16b7,0.004342888087117578
ck_231e6dd1fe708000,0.008709071047722549
ck_33ecaa7b892e73df,0.00839166824451609
ck_b109ec4c63503030,0.00778497587177347
ck_a7f522382509cef1,0.003590107302163392
ck_748b3ea941d8b3b9,0.014716903217247534
ck_29f3a1737a2d9634,0.019767632879525064
ck_cee8d42475a0f020,0.0050079549825864985
ck_c6b6ebe145a8ffab,0.01792942866755413
ck_21c99e1d6b881894,0.002022475388938465
ck_5ad798286384484e,0.006843976601111122
ck_b621b6ffcc7f4848,0.0066611950338832035
ck_ea819e337233475c,0.2644482856164048
ck_9e3896c2668ce06b,0.022459994074357916
ck_501dcf1ead036d2b,0.01184164204592268
ck_8d5eda29a2cffa3c,0.015583716806881035
ck_4d3aa36ff83f1132,0.06299556110130966
ck_8e9faf94e3e6c757,0.0012607549098132052
ck_ce0ec41f96951048,0.02984231661355715
ck_f09165d73ee903b1,0.006167910360499194
ck_a432b1bf1d3b3d5e,0.3200676570382896
ck_ea618f720ff0b4b0,0.008780849415377392
ck_7584e7bd755cb28a,0.011827962015673939
ck_e14681aad43e1a72,0.014348022371404584
ck_5e18870d8e30e379,0.015700112440390362
ck_ff7c26a62bda8089,0.0029884539959109473
ck_cc5a35175d381d5a,0.018078662745908504
ck_3c25029e40aa8a84,0.008451125980016861
ck_771247b5bc16c12a,0.008017341177960916
ck_664b5e02759f985a,0.0027479272180673214
ck_692a9e8f504b9762,0.000901199367144818
ck_df8ad2deb0a4ffed,0.01492810308076951
ck_eb48c0bcd12ea654,0.04415605926531899
ck_7c77e597c951cdad,0.019650396859889143
ck_4f75144c6f3b13ad,0.010228281145819654
ck_1bcff399166d7c43,0.007153583174273515
ck_975c2aa3d4a8c51a,0.027850499305721976
ck_bc6f07b06aaa4ce3,0.08368410529389694
ck_80b072b7f3c7e8e5,0.011222510233403041
ck_471e4018a23b4e56,0.009671936357269434
ck_53cddfba570b4a3b,0.01320661319373032
ck_630530e50764f229,0.006958913506396257
ck_dcef7887a4f1e435,0.05802678601065188
ck_2795921a055643f6,0.005970491267835323
ck_7456df89f3792235,0.003799660663263221
ck_5014a3b07e1f049f,0.4190440206750903
ck_d4ec44760cbe03f4,0.012699519743174221
ck_96810ad39d4cb7b0,0.017702686141035234
ck_3222ea25aa29bfa6,0.003673680604641256
ck_f6c42001b84a10cb,0.08116805008039028
ck_5ac86682385c86b8,0.01070691480049272
ck_4280c33af57eb4f4,0.0015488664517012772
ck_05f79ddd8eefaa56,0.015513025185938188
ck_3a57a13ce032a6fe,0.0035683339293839274
ck_a721f0d635fad68a,0.011488229464966538
ck_a3f821bdf408c326,0.006465341634594178
ck_0ada63008be5685a,0.0207661318462041
ck_8c949bdc6e8720fa,0.07669688021159372
ck_c0d2c56f9c722e99,0.974036061472458
ck_5d2b9e6e087b8dfc,0.9947558248943503
ck_5217b55593a332ca,0.1312067344972896
ck_7a7bb9be5a7e48ad,0.04488277105833431
ck_24cd0d779e866287,0.0025994361266848754
ck_7367917891a63771,0.023386278974781394
ck_4b31a8862a857e6e,0.856464823904437
ck_81429c4910ca46cd,0.003959507690613855
ck_b35d803568f82d9a,0.031242311467523303
ck_4b00e75c2d2d0522,0.0016924930752467942
ck_77fced07f6dff42b,0.026907400186253913
ck_3c9a06eb07c300e4,0.005655678857836002
ck_b3867f7f494db64c,0.003462243811096156
ck_0c45e54897ab34e2,0.03472849167454367
ck_507a6a580ab55c76,0.02167271611242897
ck_291bffc7809f896a,0.0020827729579150265
ck_3753cc5b9d02e2fd,0.007621145790073731
ck_4f63d5245b3ac1dd,0.031589203439470866
ck_9dfb2ae78659240a,0.03029748946577517
ck_90f6f5ced708aa75,0.0011426023259595893
ck_8b5b5a6b5539e39b,0.9119897645251466
ck_4719112b55d20161,0.03805337209354691
ck_fec888a7108ca52d,0.9853890169627696
ck_4f5d022c99f118b7,0.018877061843036395
ck_e967ff05514b697b,0.03755321637519959
ck_839ce35819bfa4fc,0.0031893965733024976
ck_bdee1221b9addff8,0.008417270302762283
ck_9cde4036d0914427,0.018613787574852953
ck_5ac959cbcc5e98f3,0.0017291221885600205
ck_619842688294dabc,0.007651211811601533
ck_7373d7b04c7799bd,0.02207265014367488
ck_c1dd3feb9a0b6471,0.012788260701974034
ck_0324a4812ec319c6,0.011137678038560977
ck_7f3685aa2933b251,0.06553383998074903
ck_06aee5a62a67a84c,0.08510134720687329
ck_3428910b44b9d08f,0.02641124713984588
ck_c3ba7534cefc1de8,0.015255533188876447
ck_1f1273a67cbad5e5,0.5578196637106702
ck_124565a11b2f8bb8,0.011166354498731221
ck_38e46bc861e0165b,0.013904607003582283
ck_c8ad3f01319c065e,0.023843457875128888
ck_3f94a34f5038f7c1,0.5350214580692542
ck_cee56be5a502fbd1,0.19194623711121617
ck_2b90b76cf4d162f9,0.01811323903135954
ck_884b2e463ff1d54f,0.012028468184881
ck_fab4f2f8531b4827,0.03625576000941797
ck_4fc6256e0e60a926,0.021802993718014998
ck_0a2f8b2f8a5b6f02,0.01807624206918405
ck_9c0deab8a8367c5e,0.0014391332673077493
ck_d3a2a4c011fa2554,0.04606232676949319
ck_4108b4038f762817,0.6616441841843197
ck_4df036e2aa7e1056,0.014164995033580903
ck_ec094eb1cbb3efc5,0.0040628509738801855
ck_09f8f51bfd2492c6,0.018161447636402685
ck_b60fb9a10d6f4489,0.03160384673689274
ck_3638bc3388dbc1bc,0.2506113019073794
ck_7a58e0cc9943c39a,0.009934889227435855
ck_37dab6a0a536ed49,0.03969864586015315
ck_adc576690df5b33b,0.014362215835882992
ck_1383b2b1875000f2,0.010011377103401385
ck_43c1248db37a2eb0,0.0030157494447306398
ck_29c11bd68858e923,0.001950112958753512
ck_9401f9e11f65337d,0.018421265318187118
ck_ce5ed372b1a2ed6b,0.1172381424983338
ck_08b4619490e751a8,0.9833720459277591
ck_44b9125526acb05d,0.014458364956447265
ck_ef1a1de20d2124cb,0.02585069871154279
ck_e5e2624b7fc89774,0.030098996577732663
ck_f5100511609b92c0,0.003395438747071978
ck_64f3bb17101b7c42,0.011454802131458181
ck_ea1e5b5128ecba2c,0.010217237017620446
ck_516163fcf04d5e77,0.012486052572402975
ck_7f9a748110d70005,0.00648713967997973
ck_d263b55f0a681cce,0.07633967168759757
ck_0e962eacf98a813e,0.004353438557398507
ck_0406931800e0e2e6,0.007268226176330914
ck_0e9b982afc88a3a9,0.9907959854586553
ck_8bbb625384edebd7,0.002335242200042614
ck_5eaeb87bf6207406,0.8088361400237528
ck_cc3318839c4b0745,0.0041288081068435985
ck_08a0355d1f1890ef,0.01140285900610748
ck_af7ffd1a822460d3,0.24449297553651003
ck_2a09c7aa870edb6b,0.00444296429392001
ck_bc04f51c23290bcc,0.0074214344622256685
ck_d3a8333cb389f4c6,0.015147903510758415
ck_88e3dd3039508332,0.013723259145331908
ck_b8c7771de9b57705,0.009468982155521775
ck_585ababa02383b50,0.008579338203440975
ck_e988c108754cee9c,0.012953693111242576
ck_4a691892d9d6cf89,0.005664013765453969
ck_7cdce37d895eefb8,0.004224916920955072
ck_483fb981a1fb4317,0.004937212589930049
ck_c1e5182bd99e0e35,0.11648072276671853
ck_9a1e3ec9a1839939,0.013121724060566844
ck_5c3f13de0dbd5086,0.014449175500239256
ck_f4f6f0caaab70040,0.004461154647384793
ck_791be3378dd7d64c,0.01592965700510415
ck_956dd784525f5886,0.02847426752598744
ck_098167eaf124c279,0.010105640666479886
ck_33ecff7914349ebc,0.017910593595262057
ck_e05d44e46c7174e6,0.008526731714732028
ck_1b2ce474fa6582b4,0.05048141681371056
ck_ab581082e8f72e3d,0.007791285645979854
ck_e63256667aa19070,0.044269094062472335
ck_f568772b6cb3febe,0.024597854572960785
ck_dd89a282375bbab6,0.08553849781247812
ck_a39d0bca345b492d,0.009251026722710266
ck_d12d2924d0f7a64a,0.011169903191706356
ck_6a548da1728b5823,0.9612118264580575
ck_6d64193681d2a94f,0.03986461078709581
ck_ced6b6dcdc7c201a,0.007042102982438352
ck_d1b0699d26282871,0.018536759864471595
ck_58f757e40a9b8877,0.08246102679517187
ck_3272c2c4a37d5220,0.6055483086978631
ck_d94dfde9e03c9d1a,0.01168372798093822
ck_08a6d4903a7fbaca,0.014325592529360049
ck_6c72a36b05fa0f4c,0.02324548265752636
ck_dbb4bd4eda97255d,0.015983308523132712
ck_94b59bbc824b307a,0.004007081155791403
ck_0229a07185f15469,0.007653908428593538
ck_11bf1039f8b3025b,0.0071779430620156634
ck_36789ca11459131e,0.06815193916954299
ck_8572c5f5c1447c62,0.014252620611662636
ck_9e75c6641939f4fc,0.04293226300438312
ck_b45e47c39d4dc7bf,0.021562059736091623
ck_02903c48b6cfd65d,0.005933335256033931
ck_b153386f1729de81,0.02069486224576668
ck_36979996f33498f7,0.39705481872867443
ck_3c02d4dbbf6716b6,0.014043587635047325
ck_66c9a19963957531,0.05886109346046811
ck_bae8dae7cfd8baba,0.003261577129777483
ck_bba0ccc6cd968680,0.028615417160812746
ck_3267fe3aac05c71e,0.02042342568090118
ck_40052cac10562cde,0.03203443371601682
ck_d973444855403e2a,0.00861478065020284
ck_012519bb095ad36b,0.9933758839586979
ck_ad7c256ea10c4a00,0.12196538771253153
ck_70a60e095e9b706f,0.004071898792388566
ck_f2734417c0db4ee3,0.004955056109008763
ck_9cb89cc3178e0172,0.02023101205636223
ck_779cc0f2de4d5488,0.07681348230766645
ck_35f8656bf93e3b3d,0.011721393024885843
ck_bdd8eba728800e29,0.028304956604474726
ck_002cf760d173f0f8,0.023696931030764163
ck_b046067c6ca3831e,0.006325790096258412
ck_a4a42d4bff8af645,0.004690601743447204
ck_bce253d2396681a1,0.010132681976933535
ck_00dafc060c8de32a,0.02224310807923638
ck_968a99e097ee78c9,0.0970903001147627
ck_66949171b387bb93,0.028523285624208406
ck_ad305286702b1958,0.0010390661103050931
ck_4732da7e0d2dfc7c,0.0073195399048230185
ck_17a95bba77217d85,0.016678524663631605
ck_3e2516a3e35067e0,0.003604351213702013
ck_0b615ed566da1f58,0.012864851931941519
ck_d2b3ce1ebabe9f93,0.05313623137612396
ck_a892252e4e0c2828,0.003626506215536865
ck_cf606fd6ebfdf9bc,0.004574075759188058
ck_718865237134ebe8,0.0031481771276603617
ck_878522cb775b904c,0.05043146674259113
ck_9ed53de6ef779ae0,0.004620290791180434
ck_3f16e2cd7e6874cc,0.010588318963241385
ck_3c59df37895ead2d,0.005350746457922751
ck_6821459b626d492c,0.0026569075023156192
ck_11c7667920541587,0.006073103782025076
ck_23a016cf6b98d89c,0.018898891838857946
ck_7137eeb394d200f1,0.01629453453773731
ck_9c4886c5c90ddbdc,0.005116651389332437
ck_1422a7bf7756294d,0.9861915327548647
ck_7ebc5fa7f0d3b8f2,0.02594852352734891
ck_fcc2059a8d5c41fa,0.1070191628667887
ck_00ff7389d6a83e29,0.03755778841337526
ck_03129b41457795d2,0.014267310476886211
ck_38ba64efa7c38250,0.03558127865222036
ck_57a6b56b09bff24e,0.005310977637326969
ck_e3b3c5a80a567418,0.0038735588740410986
ck_fc40a16adfced018,0.011426467666279395
ck_9d4b5e6b43bad4d8,0.009192678026109397
ck_61129937ee466b49,0.017653108711720628
ck_74112e47b8629c2a,0.06628905807654321
ck_b4703ee97f94d7fb,0.006811547734058807
ck_e560f720a988d8a2,0.968257490410043
ck_708fea345f68037e,0.005784179303553832
ck_25394c1b83e0b803,0.0773415430662158
ck_17ab24fe914ae44b,0.0018144480450837577
ck_16c501470d9bb006,0.0038572820813293817
ck_628f449e248c19b7,0.02370612406485156
ck_6d64190623dea714,0.004848150956192489
ck_504a45ee08db72b6,0.006554954047833383
ck_6cbb011e0c70bc7c,0.0037709445035616993
ck_b3225a98acd04f83,0.005487669664304106
ck_aa37993f1c17cd1e,0.03402275557733524
ck_558cfe5f77a55a9d,0.008154706764860825
ck_0d0a1a021efea5b6,0.023319238530092434
ck_daf7aea023b7a8f6,0.04839867662885934
ck_d75f25184ece2b51,0.00811326882154461
ck_466d4b5366c50b98,0.002367996449776701
ck_88f27ab479063852,0.03201298531099545
ck_66779098e78c1760,0.0033876741387791924
ck_b150fe4efb449b05,0.0030436210275832853
ck_9c3aa9f23d01fa1c,0.0034401283358135356
ck_6a01c375fc26705a,0.0019090878044382947
ck_002eb6552b504ea1,0.015097921259623547
ck_affa5aa0bff9bb0c,0.015485236511088376
ck_027614eeba8b1a4b,0.004655591083170511
ck_67e075c982add719,0.007217576653546532
ck_399b0d510be98bd2,0.013920273198735372
ck_e9b0bca7368555ef,0.002385119672047545
ck_59c29d9c57b4f994,0.06609754818945066
ck_37176850ed68831e,0.007538792247433938
ck_a0db4ccca08030c3,0.6052764426292023
ck_aa188e5c25f7f42a,0.028348445309374356
ck_7de6997178207800,0.0023253078944433254
ck_c729d19053387be9,0.059461188236536254
ck_f2d3e3d90608596d,0.3388314520898496
ck_2db3fb565e0211ee,0.0044611718906914155
ck_bed8a480e27e911e,0.021376720102693755
ck_d7ad9921a4d25926,0.04583230353964956
ck_2a59f23fc5194699,0.055296869728299704
ck_63601a58a6120d8a,0.0207837658703022
ck_efd7b9e22c6317d6,0.018895695013689727
ck_9ab42875a0f95b43,0.01874464888348582
ck_85cb5033fca7c846,0.02198797539545956
ck_5249b223000915ec,0.03691908837845397
ck_3efb0e9bf25612c7,0.005360872703656112
ck_678e74532ac19700,0.028709215924399994
ck_a980b296c95153f9,0.016241271958456177
ck_01ac687ce0d696a7,0.04454505303816728
ck_52e1418cf1aa9871,0.015930273917435928
ck_7d28da4f1dab09ee,0.04987977758108474
ck_010d0c2e6c1657fd,0.032481533794293804
ck_b524f7a2e752b9d0,0.008627224146232966
ck_cc447fcc24a0772b,0.19115074224632028
ck_2cb3c99845e572da,0.0045061527933198415
ck_604c710141327a81,0.0047507395950336885
ck_8d5fa65717d2e0c6,0.019438826891735556
ck_31199510b40602a1,0.014804941651411382
ck_49e253ea12f4e922,0.04205414049576313
ck_780738e0d71e7e43,0.024282432259434456
ck_2cd21137a07fdd7d,0.004447370519336291
ck_5e021f2a3b66e256,0.021951829628108648
ck_efbc79246e32c66a,0.01303213481427294
ck_9951bd806c13c7fd,0.015070838672858777
ck_7a52674e2806d8f5,0.031381410793952805
ck_1a319e509f1efa1a,0.004112975745728586
ck_c920901b9a4ba993,0.8797466520226044
ck_b71279e807d0b3a7,0.01677447017174296
ck_47e1032f490bb018,0.005659473202983641
ck_192579ecdca7ff83,0.01767149428454133
ck_b1496c474c4a3239,0.002813665091046752
ck_5e68ea2c5e893cf0,0.0394894115354414
ck_f2ecab85d4693b4e,0.019995833704038502
ck_89d7bfc81c3df597,0.012727719255271172
ck_7929284327667791,0.03254722236099831
ck_494ec63c5ce8e150,0.013059577702407133
ck_319b059bb2145586,0.01914863890812889
ck_ccb3767c239018c1,0.004568453567532828
ck_a1c7adfe26e09a8c,0.017727248191253094
ck_0e13c4f73818149b,0.01801366934265625
ck_c285a51ed6214f52,0.023018118081083953
ck_916784595f028226,0.07501250719084566
ck_6cd8e0196365c474,0.03447375148387344
ck_57b657aba4daffde,0.02270011572429628
ck_562c76a3753fc7da,0.5990260378896568
ck_66cfc1ebc9a513c8,0.003007512924045286
ck_0f38d4aed68d7d24,0.026124460769445745
ck_d8ddf5e99f7859e4,0.0312569066632381
ck_41bc3efa0fca700e,0.027267842003691065
ck_40799e129fcf42c5,0.08473925429132224
ck_786f079389126e44,0.0243730973320077
ck_bb4c6b713eb0b978,0.018545925338329588
ck_4f01f7eac0efaba5,0.013985499072564474
ck_47d29c01b20cf69f,0.010058500172541712
ck_bf15a1f8d67a30d3,0.014120058267620259
ck_bfecad7586f65e4d,0.015333987450873525
ck_fc9f16df35190eb4,0.42554291493090124
ck_c09c914e416edd08,0.016404188679858097
ck_c54c5d8e4433b0f2,0.016065554234624923
ck_1694c28f44480e98,0.01603409837393928
ck_1dcaa3078dbb7571,0.0018042071923578544
ck_af559f990c640e41,0.007433472070976929
ck_9b436162039a77d0,0.03478497338193744
ck_79d62ef181bd0cd8,0.007344820159962102
ck_23caafc2cd34242c,0.009131090523870747
ck_ffe2aa26f597e552,0.007186369916422272
ck_e6ffd0754ac08661,0.002573871337074474
ck_beaacb4a783db21f,0.006550494464225535
ck_9863bff41d24ce9b,0.011215060402974944
ck_323b9cc5c49f8ea0,0.5921066669534375
ck_ab3de3d3e41c2082,0.007003409549695452
ck_35c93b2924900376,0.005949091235893473
ck_5a9d5f9901e37e31,0.017183951332485976
ck_782b0be796164335,0.004383969857382798
ck_11960b5f1c7a5e2c,0.002784260339267984
ck_9a66cb13a9884cc2,0.009750514703616
ck_ba666a425930615a,0.0015996850601630002
ck_40140bef4db73741,0.08329805870481148
ck_e05e91cc180063d4,0.15043958575063393
ck_c7f6f45710bc050f,0.0037421220568785753
ck_055fb9f2e1c8c934,0.049506650431535765
ck_58bb02d98e2b9cd5,0.027384602095869022
ck_d9f8efa6a7800f76,0.007970121455172098
ck_69691226c68fd50b,0.29451828509588907
ck_6f2f0396e5b1c538,0.96478545439166
ck_78bc3f1d0f35ea6c,0.014224044643991744
ck_2d5a6b6636a2596b,0.0036047958872155203
ck_7878545739af0a73,0.002577475629669523
ck_03c4fa4f3ed3512e,0.002217027491261705
ck_1a9e51d092d62c84,0.24870171008306108
ck_9f3861940d8d873c,0.02422643523094737
ck_4684fdd61c6a0fac,0.0077524663132300265
ck_715966f86d5c913d,0.005839350240842844
ck_77f293d44b4a3d2e,0.05528908950155655
ck_24dae044dc05f849,0.02613166712790433
ck_00b9818e2064405e,0.024898725868317262
ck_c1c2cb49c3c1b0f5,0.2516621809098832
ck_bed50fc64fbbf8ec,0.013369186100233237
ck_4f6ed5ea5ab7c429,0.011430827508341235
ck_458531c22ec2f9b3,0.008707802049764509
ck_51c50c4c443df31a,0.49100715837024494
ck_732d45bd578dc39d,0.011686980757079185
ck_783fe5bc20cd02db,0.03815756521560235
ck_7f188aaa63d1d442,0.0046333654626787135
ck_ef307a6aee38d1fe,0.4779673582166569
ck_e37196b20968b73c,0.016939914559483196
ck_4ef9de711c3d93b1,0.016534584947474323
ck_17946516d5df71d7,0.05110159694184837
ck_3534be0f4efd313c,0.076179305948695
ck_29fbabf855cabdff,0.005199861951933395
ck_191673540d8486af,0.02370724014288946
ck_5f52728d777ff2c5,0.020438240873644993
ck_a045a19369016818,0.9922165600228794
ck_4eadbe7298b15e96,0.015352349656139925
ck_a3a0bd59729fe619,0.007557804202762522
ck_a1e77090b1c6ccf4,0.0052335264478297035
ck_69ab9d4784eb77bd,0.013316701582864392
ck_baa47383ffd50f04,0.00964959728008253
ck_e35b2ed08b9e55a7,0.01397832358161362
ck_b6e3af0a5119d9a0,0.02307737750531736
ck_a7c1dabf3869772f,0.0556869369780033
ck_80b8fca67a14e0be,0.25943596084837656
ck_dd9c5f0c42878e67,0.008297788670495194
ck_41ef7967faf5ce82,0.002493090573613921
ck_a93560aa348d6225,0.05218557341460158
ck_ffe91d6f0bd93fc6,0.04107606932582593
ck_fbf630c960194033,0.012872776696256638
ck_497ed60723283c0b,0.03833826091434763
ck_2a46b7ca55239413,0.005930247601459068
ck_1a4e5ace078dd782,0.016472795507981346
ck_616cc31910f5de50,0.004452576953545548
ck_0d65bc749eb42710,0.029117029091645902
ck_2408db62e4395ccd,0.01184776132548106
ck_5d7721930106dce8,0.019022625561366052
ck_e8a6acea22b20312,0.30988204104320144
ck_e2f792fae128b18e,0.05277452963351381
ck_e6d3ce445b86003f,0.011382140050095663
ck_263334d722ecbc97,0.5944255003794651
ck_8c5b29f6666d4874,0.022117749924858546
ck_7ea0bf310fc20c7b,0.9694010601316414
ck_54d463f7fd89ec3d,0.06050797208582903
ck_79e45040dbdd6447,0.06355820049270818
ck_60b4d59953505682,0.7184579153514883
ck_fb00dd5021642507,0.016618778789113366
ck_f409ff994a210601,0.05901352659388935
ck_2ca0020038bfec58,0.34371006537313586
ck_adf84b9df54c3d80,0.03649563054995248
ck_942dbf632591b65d,0.01689217731554806
ck_454a7e4d859a3409,0.0013062027585100805
ck_2139062d4569aa07,0.006721571486980832
ck_e949a0f4df0b3902,0.09633227883215541
ck_bb113e3e6716ed65,0.022764239670581877
ck_6a28ea6ce69cb869,0.08063405966412508
ck_7df9910af2bba21b,0.0036643153203369883
ck_78aa4b731cbfe251,0.004660203262327812
ck_5839f5cbd8165b1e,0.033791164967385975
ck_7158ad9e58769ffa,0.08106817473537795
ck_acee218cbe61df69,0.015001017655040503
ck_f8dc8473c2772729,0.1580640162533089
ck_f34c93a8173555b1,0.027411621586118633
ck_7cf301d075e4e709,0.011966385241632885
ck_b87e88ee5512ea17,0.00659710081566834
ck_bed0c020b10afa3b,0.012725930811608992
ck_ca10102961f99eb4,0.0039652035090837374
ck_393287947b5c8d79,0.02121444695344696
ck_2fe6cac002142f67,0.07121106882092522
ck_79c7f0d29b1db1cd,0.03188570039635675
ck_c735b643d3cbf67b,0.008459349293298758
ck_ea4332c8fe48e2a3,0.011062651915952251
ck_d39864119cdd460f,0.01138547758317648
ck_3b963d6be2773861,0.010377204834500556
ck_df39e3b8a9fd0bfd,0.45500426724233023
ck_6236a461dc0d11a3,0.003851456759763309
ck_475ebccca25e30d1,0.024473135209292066
ck_c10c8bcf5bcd516e,0.06426174305917559
ck_49ccc3716a564256,0.016866356511030942
ck_4e4f99102f6938cf,0.03436272060512743
ck_a97b481ade6f7972,0.012048565425410268
ck_3fa559c679751b3a,0.017075430323880484
ck_3eba1fd2c7acc4c0,0.2743191807126981
ck_18c179b4afc4fccc,0.012426199185236587
ck_cc1c0b93d05b7d20,0.11963294314238253
ck_742f7c28ddd019e8,0.025356231096281257
ck_04470bc93b8a0d71,0.010258534007785824
ck_6e8f8ef7a03cc6bf,0.014521437893915723
ck_eb1ddfc353b4da83,0.002155118143985766
ck_98831b57c7ca2e4f,0.0012321231630491403
ck_a6c7b8d6e8596d4f,0.08681930022588319
ck_cd7d24e3b095e96e,0.043722236028086864
ck_3f5ae4673a9f858e,0.011909115208350435
ck_05f375fc8ae0afb0,0.01201450679364657
ck_1fc98436281ee39e,0.00246030826240657
ck_6c48c58678f64bae,0.0014545253537130629
ck_8c95aeec6a4c75b0,0.0038322044895948582
ck_364cde38958b7af3,0.14944908105750143
ck_85bf21aa1a00452f,0.007331766961254455
ck_796d3eaabc667c23,0.9925014375583681
ck_ac449ee0c315edde,0.004303261146053341
ck_6f9fd15ac6b163de,0.0066471133458205585
ck_4087065be2a45ad7,0.15702529591944503
ck_ecf006bbc78ee3eb,0.2397507569623124
ck_8ca808cc5a49cb5c,0.022859367954709657
ck_94b90ab8b2dfb50f,0.021705702536647987
ck_59fd11b3232de9dc,0.9476418714143658
ck_67f3794d93e2dd67,0.12680099082652063
ck_b7f5acf5df1bb13e,0.016989105344931737
ck_fb04ecbaebb774bd,0.010921417017283863
ck_68ef3e7301c621b7,0.01652179279383831
ck_41406cfa209b6bda,0.004066231509871749
ck_b0f8f5408662337b,0.009408847837697453
ck_0d2901bfe585c391,0.25848468309805206
ck_3398551e81dbf3db,0.045614137391729564
ck_61c3e3e277629646,0.014581520854851714
ck_2825e34dd3e7ea2a,0.002216714197956241
ck_20d7571ba830009d,0.011060792928197753
ck_c98b16f9a72a6568,0.0012941053504684397
ck_e7c8a9e4641eb9ed,0.001321877294209525
ck_254a7c97c36dab8d,0.039562677985718955
ck_e98429675b46272b,0.004749834544987071
ck_c2fc0ac460786d02,0.09556321364506074
ck_fba15647b3a140d9,0.013885896529806444
ck_15ce50f2704227be,0.022122734181769434
ck_8c748aaa4a4554f9,0.025653761531329065
ck_e00e82a9419ff086,0.013092547447693594
ck_832341c98254bd84,0.014825233959157271
ck_27466468d06db4eb,0.05460259678660977
ck_9d7b9e3ff1f3e71e,0.007803026729578257
ck_42c6973d3a6fe983,0.0021082352590346483
ck_877c85bad118bc62,0.026735017885686295
ck_75d2a2715259c4d7,0.13830978018570386
ck_37d3e5c681a2214d,0.47860922680551277
ck_bf285dd49f372de4,0.021757416092052496
ck_a5bdd026fa9c50fd,0.005261022490222084
ck_88d9244a9cf7a77e,0.4585441614808764
ck_5881b174e49b04ee,0.003938065051552339
ck_5b16d67c5ea89930,0.022580736035997553
ck_b75b936aafac56b9,0.005057216057926837
ck_aed2681e1646a0df,0.06233063298468926
ck_f63cb5e8cc702bad,0.009174389042076693
ck_1805fcfc4a9e4ffa,0.8421316943970588
ck_25c355da356c730d,0.009038986515118669
ck_70396398e4a96449,0.0053891190530555065
ck_0f743bd13373748e,0.020987086176896562
ck_4b387765f0e916cd,0.004871918236284022
ck_e971faae8a10a260,0.006657189194913007
ck_9eb08369e983abfa,0.004050895059683373
ck_c30c5844512e429f,0.04973034438356384
ck_59e77e3a81f1fa0d,0.01629907847782649
ck_ca4465f2b5c1a52e,0.9729586252979515
ck_c89b9ca398402f1e,0.0028650024726715865
ck_36e72ef9273e7a95,0.004959396352835082
ck_2bdd8616870e5e1c,0.001173121087561464
ck_216e87a41de22b5d,0.02528005322467981
ck_60f4fb44f5efe3a0,0.0014431780260002135
ck_05652e8ace6ce6cb,0.0035623554536684276
ck_8c136dc691e65695,0.001492080708353871
ck_a08f8dfadbdca112,0.005901863159609165
ck_bda4041a3e90d860,0.010671878245737265
ck_15dd3ecaa8ce0245,0.6220698812579751
ck_3e3c64b3b7876ce6,0.019583539966597605
ck_46225858a38b2e57,0.007199634317701446
ck_0cb9f54928f4feee,0.01814651075679907
ck_152671fbf8a9a78e,0.07625423061539978
ck_ee7a515e87d17d4e,0.007265890633188725
ck_f7276091bf513d22,0.0011793819729703202
ck_4f05daf1cf0d5755,0.008002870287338263
ck_83a69c4a5d55ef19,0.019890083704575665
ck_c50fed2a7c9198c0,0.04052024331890549
ck_70d19d5650ddc8f5,0.010800322502406916
ck_4b4d99e443618904,0.012259301472379469
ck_dca0b6ca93311ca2,0.04920686605476604
ck_b7431d4706461ec6,0.004437852715827642
ck_7b59d22cadef3b05,0.2757784711986499
ck_53428573abcd606f,0.02273552219663287
ck_f538ab6aecf2adfd,0.0009636599904076917
ck_d321249fb065d2fa,0.12108350888211658
ck_72fdfc7e6d8e1436,0.004315306708139165
ck_b52b99dad89ecdfb,0.018114627072337665
ck_d2d4282f9d256b3e,0.007969067755979765
ck_c8f2a1dd8a6141a4,0.004509450123856351
ck_8d38747058d0aeea,0.5241414457944171
ck_3ac528caac74f563,0.009812565867062336
ck_8dbaaa00ad829ca9,0.027326714762287416
ck_7c38ec898f0fc21d,0.004377609379719531
ck_8171ef803f5ff604,0.019924537689210417
ck_01a750db6fc1168a,0.13445827566412327
ck_ceb017baa26e98c8,0.04133069857746928
ck_e2c66c72cc0b0f78,0.04405954522586307
ck_8d9518f64b222416,0.006402694140346194
ck_804c5a1fa5753617,0.008382817892866093
ck_fca7cc9c42695453,0.0039006913141598847
ck_3a632cdf2c19051b,0.04140975518975439
ck_b2b63ea65edf1dde,0.039610119686800664
ck_27b07021500ee841,0.02281809786885486
ck_9724718fe64c6557,0.9559381869576747
ck_2786cbc3e75ec034,0.15559295306176826
ck_d9c2622cb6df380b,0.012583563173708037
ck_ae1da8ee98e402a4,0.013803959807348512
ck_62967b91504149f9,0.01007384720323578
ck_6b255bf68709109a,0.007662387032211945
ck_c55afc68421d85e2,0.0084826117944365
ck_7c7266f6ef2a8466,0.04192022377427413
ck_885cf685a9541190,0.8920651062112004
ck_1a4bb7d3d2ee3227,0.012623572195268412
ck_b4911c42f3bff740,0.002599556246406797
ck_66f9f78d4c6a3edb,0.04608274458171596
ck_49bdba9ee1899dfe,0.028078799594775623
ck_79b235d51718435d,0.0185980934237168
ck_d840db8cfe2ef6f1,0.002084738089772117
ck_610c7bcc1cd7ecb0,0.017228978473411618
ck_cf49b6544aff6c50,0.3957449535404474
ck_de05f97c3d40dd1b,0.05306496164672682
ck_0302f67d75973dce,0.01431324451949755
ck_54c2604c9ca6256b,0.022872882689563476
ck_a1c88c0568f142d0,0.1610812749142761
ck_5d72ff6cc2963d1a,0.009731295892497783
ck_0446920a1004c596,0.0013911206738705347
ck_71044c29ef071570,0.013074564723133062
ck_2122e9bb1afffef7,0.008655945347066245
ck_d1e3de178601d3c2,0.010176343021522365
ck_bec8324a3587ef04,0.002960228128460976
ck_b616b6f45225f319,0.046725706048763437
ck_ce1e695884511479,0.02726536450292208
ck_a662b4bf900781e4,0.0027015281768509158
ck_b5a84c5547378c10,0.003079461467099755
ck_f80af368cfc6cb7e,0.01887220833228139
ck_da3526ab6c5c884a,0.011591143264777896
ck_bd20be9a3392d79b,0.003637142538716401
ck_b8266dcd90cbfa62,0.00360415162808935
ck_ac84b33304362c06,0.017355499286937973
ck_794d8935a895e33f,0.045224297478433165
ck_8fea7d915259f1be,0.006839374872442221
ck_7a1519ad5ff45312,0.0011362057442478226
ck_9bf3ce30b65f75c7,0.04590542367260924
ck_5f864d72d1eead99,0.15007380943936036
ck_3c48e0cfc2a58041,0.32089106840341436
ck_d902183f80cc81fa,0.009634999182795354
ck_539cb0d117db8cd3,0.07618984801881747
ck_28f530aec8e77130,0.021552445992694392
ck_e7d903c50d353361,0.051706967115373204
ck_d288b77d1e227970,0.035384978786245025
ck_017208fcc01b5d40,0.009056236048856268
ck_7e3923d278a5106e,0.010048694362872056
ck_9700a00ff9e66216,0.018755002049192476
ck_5c36c78b7a4d138c,0.036374648651765006
ck_c457e9c9224b773d,0.017141438266381658
ck_1dfa91405d7e66bc,0.01368791674049496
ck_f1d8a2695a575e56,0.011108937636015804
ck_3b92a46daf8d00d2,0.013503994954244305
ck_aab23b5470469649,0.015701956392634667
ck_ecdd01a391610d99,0.008705698359854084
ck_abd3aa292f8edb4d,0.027545981699884037
ck_7fc9a0776e1339e3,0.0020572643968959567
ck_c0389ebeb0e65cb8,0.004158860748550615
ck_48d0fc4f6a2109fa,0.9925538872367657
ck_571dee4f3336c7ce,0.009373155391960864
ck_4cedf26628c84f26,0.06957570741820994
ck_63356762d24aab81,0.01482755072651986
ck_2c5bc11bb7ae5d2c,0.9002236448682844
ck_6d26a152f900fee8,0.005981861943402874
ck_c972b0e781efed3b,0.0032328211778379096
ck_fa0ecbcf9a33d6ce,0.002655528712671129
ck_fa3a766e49dc77ae,0.004887475225820781
ck_7baf1e55db0dc558,0.016240208447081055
ck_e8bc49e6494c1f37,0.0016185488042246604
ck_8ef1d05cc1e53e7e,0.03020343441113096
ck_cef2a485a77e0723,0.002510345135828414
ck_228a583f23abff48,0.013208515579461714
ck_ac32c6e374782b27,0.06573634115289947
ck_b9485218cef413f0,0.008404052633996689
ck_7f15503048915d6f,0.00395391170679115
ck_b62f5144db15ad34,0.11098913445108313
ck_917d82c552f95a23,0.045999917416432085
ck_fb4797045077bc6d,0.002604287717206133
ck_2cf8a44e041217de,0.044517970372384336
ck_b7dd681eb3d2ee38,0.0032737779532582105
ck_e9e8cacd2fa35e79,0.023761983600346998
ck_342a79f91de5d1fa,0.02143831911746844
ck_2c91f62c05685ed7,0.017509618592023744
ck_e30cb64302939f38,0.02509113521599124
ck_d0e95b90ba86da10,0.006893578198029323
ck_1774faf414a5d49d,0.7659709580787213
ck_2401e8ff89e574fd,0.7601117252870746
ck_0cd8802264e0a1ef,0.018119063526300924
ck_da84a0dfe947fd3c,0.006923846211769237
ck_c8affb27ba7fb5db,0.029108012094010156
ck_bc7ece8787ca7200,0.008657794024253753
ck_469a0578d05990c2,0.005928314467282637
ck_eef67f8dea702338,0.048776173418812824
ck_4f490e379e9ded9a,0.0033070081301556672
ck_354379de065a8ff8,0.0038783076573733915
ck_5db1cb368bc41ac3,0.019412053902581265
ck_9b1c3742dd6fcb8b,0.009876652144679456
ck_63ce4f44c92d7143,0.05073858303815118
ck_e15e3390f5ed45f3,0.011660753634775525
ck_da645ea91d66aa6f,0.3036913827239275
ck_834ca727df855f07,0.05865442046933807
ck_e1d5ad20c737c745,0.0802392249242198
ck_ff8059ae5fa5f1ee,0.003798708769967367
ck_8bb9e75393954a1f,0.0030550893414366454
ck_4e1757d1347ab387,0.988178063896993
ck_af3f74b1d75a5d95,0.010767974465141918
ck_6b1ab0742ff04c3e,0.03619458765834249
ck_f56073911c9f1ab7,0.00449768020499716
ck_51bd5f69b4fe0b92,0.6068415351361945
ck_fc3d95030b81f416,0.0018706058899453954
ck_cf78169633a1600f,0.0029527973347997696
ck_ad7269eaa65c67f9,0.015939346471668735
ck_cc6d33890d47a6cf,0.019049418240902
ck_bc8f31f4a2ffa1ae,0.009277337684193825
ck_720776a46e56dfa8,0.018259889126504458
ck_e2d1f212f259539b,0.01098072123279315
ck_eaf6f7082c3db2bf,0.045872068060190445
ck_773efe58c6278c3c,0.019294221004181402
ck_c4a72c09f2fdacc4,0.017703962314542927
ck_8982888dd6611143,0.008146766999324035
ck_9d5049e195eda029,0.011107946220545648
ck_de58ef6f9fe2b546,0.007167867251803414
ck_c0b50c11e4f5adf7,0.04577796453225178
ck_ddaf228487858bb8,0.024715376987242868
ck_eb2323215ff70362,0.033225763808644455
ck_168c96a1a636ea15,0.02307185924684399
ck_9c46711b14d9eebc,0.0076594976823859155
ck_de8af660806b97b5,0.00526700043501674
ck_6ab83f45bf16eaa6,0.017224478615286948
ck_bf2228a052815840,0.0087736667935707
ck_3f943f20a9da9bff,0.007104335230870447
ck_3baae40454c00938,0.016499075019298478
ck_bc2e771a1d8d2dee,0.09136580032078759
ck_e55f5ca37f30ce8c,0.010945173357904238
ck_4ad5937bef176d89,0.004122273382262809
ck_126531a9126c17c4,0.0019980238306481126
ck_7ec423cb56257516,0.020154488647729615
ck_54748ae0f2daaf10,0.022451050475883316
ck_ff24776280ceeeed,0.022123504256269855
ck_3c3a1a1365741bba,0.007867605860959378
ck_615277c8a4e2b18b,0.008393189494938474
ck_a96aaef34173aee6,0.07579606813324581
ck_bea56db7f3e930e8,0.0049898148328150335
ck_ca491debd3b32a59,0.04456950557951149
ck_d9ea77f4114a389c,0.002367152096087141
ck_322ffda3332d08a2,0.03669256109235367
ck_c40ffefe4e30b001,0.11023350019070344
ck_3b1d7648d4580bef,0.006865341917206357
ck_23981a3261674131,0.011337930811758495
ck_11667f5b9fac7bc7,0.0022206580584686933
ck_646bb3c7be5f0817,0.018423326091372698
ck_ebd0a45712dcf07a,0.015054252758722677
ck_baf43bf1bd963f9f,0.035873203416849665
ck_e0ca2c819658f6b6,0.9879548217997763
ck_f0d6633d0834fff5,0.027421090764278677
ck_91081be0254878a5,0.019886279021630544
ck_1325000bc7f35b5e,0.0016813427226238607
ck_c624b9063400fa3a,0.0729591284240509
ck_0ad6fa0e23c3bd0a,0.07944276266263588
ck_6ddb55b1f23c6cb1,0.03371443742377844
ck_dce1fb3acd65562f,0.005358304154292964
ck_a9aa389688ee5aea,0.017125359642875464
ck_5c5284c45d9ad8bf,0.032453663842993044
ck_9ce743dd3e92549c,0.022165109638366657
ck_8342e08cc2f9bcb7,0.006485308751500823
ck_25e551a0a8d2fcc2,0.04657582257687377
ck_d4fd0e438c97e0c7,0.048891190230595655
ck_ac7fe1c344190c50,0.012933935155315577
ck_ddd65711b5651f89,0.0031379056533326535
ck_ec7406cb5cbc8f10,0.011731975664902276
ck_1c65e8d5be3b9c60,0.18528783932029833
ck_38ee42f15a573e81,0.01669919466975035
ck_0e5385c70c6de025,0.014761456138620703
ck_d3137f0f7629040b,0.006930124315604048
ck_9129c92c12e0c8b4,0.0022926269020715193
ck_c86520a00e50a926,0.024136105846511952
ck_87f82b2b5fee757a,0.02008615046045758
ck_643abfbd7548d0c9,0.0369031026058575
ck_be51f4e5e6b85768,0.03359514932706483
ck_132c16312f37810f,0.0077296797627901224
ck_c78c096ca8cb33ac,0.0017373153168378605
ck_2ce5afbc014763b8,0.027246912247870684
ck_50ed8f4e7ae6710f,0.004194804045720267
ck_5a4eb535c9a11993,0.010667161343530908
ck_9b665ef46d785324,0.005242730906442128
ck_e066f71f8b296b7a,0.005944135085341369
ck_560bc6017870ab06,0.005144615867494677
ck_fd78f8a8663646d7,0.008767881977713957
ck_4af5ec61ddbde1a4,0.0263378171708976
ck_c2ed04a9d218410b,0.006267173853284204
ck_2455d43bbdd2bb69,0.01624550147661205
ck_56eed7041add49a1,0.27665604348194084
ck_5f0be7b468a72333,0.013515561490048221
ck_19660cec756632ca,0.009331698428169971
ck_fb90408f4892a21f,0.014997980641601464
ck_833a65b86a5d9bda,0.0022590701698990212
ck_2ac36e1dff211d38,0.034550889173736624
ck_c00e70606904539a,0.008663471068357131
ck_ba8affe4b9505a95,0.3884503860584614
ck_0c3dd22587b08018,0.03870028217285646
ck_618c4e5cfae99dcd,0.06454347476031927
ck_c9690baddfc4177e,0.0016092981105684566
ck_59fae092fb0c4aa3,0.02423386695137082
ck_e03b7d0fa0b28f4b,0.006061099476081961
ck_d451d24c780b5884,0.010986716461578576
ck_e980d325b8dbb8dd,0.0031074176496964892
ck_cff18e2d8c520272,0.005224206355423968
ck_a0e46b67e986ab56,0.01127905789780388
ck_3a469039a5b9d963,0.006406924755977666
ck_12cbb211ebd2b437,0.033316898705854005
ck_b8cdd6d6dccc4554,0.004101782735994392
ck_794ba5921cef50c9,0.03309055481928129
ck_2c7667f64edec2b5,0.007633680507804155
ck_7262b4e0c29c942d,0.019186209191379304
ck_5d818522cbfe2a54,0.03543128578063232
ck_de39c1947fb675ee,0.04142358274017706
ck_c021495606b4735e,0.006249540662763996
ck_1fc03ba33edd9e67,0.06754679457265621
ck_a6fe344bbf67f14b,0.022052336835829987
ck_963762210edc5694,0.05116505210978215
ck_d064428b7e7dc409,0.00446455864783078
ck_59be61b53d971611,0.006836810984088529
ck_ec8738ec663cd2eb,0.01843659563682822
ck_59d086fab5998646,0.012898205521904306
ck_bd32dd3b2cbb7888,0.993185890283863
ck_ce0166addb93bbad,0.00490179054423446
ck_7c0fdfbb447cdc04,0.02037151161544256
ck_cb1bd7635968ed8c,0.07565855548669544
ck_66f94903177f20eb,0.009309098593219824
ck_1d7cd5dcbcdafd7b,0.38952969008912214
ck_5e418a7c04437b4a,0.05371570318746105
ck_631ea1ae91ab333e,0.03001419861660293
ck_0a8029e79a5ae7ce,0.01539490585964304
ck_c4cca8278bdad9b9,0.0035625342934743035
ck_4dec3df58077a257,0.27177432432564064
ck_609c249edd88c565,0.0095946956949042
ck_02e5f9cbbbf2f078,0.03582973066072825
ck_32e486859130458f,0.5499064608967535
ck_21ed2ea6386c5a07,0.0017093726913293924
ck_1242aa4496576a99,0.007368594136979788
ck_475ea9aa6d3898b7,0.03891175852542704
ck_fe1b1adae3be70a6,0.4904679783425378
ck_c5414d7a8031d4f5,0.003882237287433367
ck_ca1f6f01868e978f,0.011390069097039454
ck_5eff0208c74ec714,0.01764909022360088
ck_a315c9619a317609,0.04133072494471107
ck_2b87683c90acb852,0.015366221614216328
ck_7cd9f39c50748ed0,0.013795560472787452
ck_16a06d58d71935bc,0.03117590112437131
ck_d116e0e7c19b878e,0.38677322103050915
ck_931510e384b1d0cb,0.009602623636265977
ck_e7651fb87bb24132,0.0024183444543326737
ck_88ef9f85948e1a01,0.0036033603984089585
ck_17bf38d51115a8f3,0.004274890361062005
ck_2659d1d3762a2825,0.012372663644007808
ck_a7285955e2852686,0.02797899254314077
ck_f2c33d5b65b321db,0.022641306194702115
ck_83e5979334345622,0.01670869011759345
ck_629537d8b4d0f395,0.01729698334211586
ck_72022008a92c9386,0.04593399285224355
ck_2973b8274f0bf69b,0.017756919705719132
ck_565e3418d2f4061c,0.018866476228114878
ck_54bb53b8f8ea32ae,0.9890407093179788
ck_af0a6540ea7a36b2,0.004294124138363386
ck_888651bfc2c8cf70,0.009372267580916034
ck_1dedcb48ac381a1c,0.18101385899434685
ck_f73273e220296be8,0.018274235720604524
ck_8424bf65223a5a9e,0.005422628315941837
ck_337b930fd149a696,0.02388847133317377
ck_8a4952de8a123ef8,0.0027286365305116307
ck_884168153c9c0c81,0.004469809397426601
ck_fdda581aec411010,0.0022179439579651365
ck_2b7cadbc8b180d32,0.8047110700152899
ck_8aa8b9968233a1ab,0.005779045209035254
ck_0af18b3ce015d294,0.004992519380940236
ck_8dde670a735d1e90,0.1144996951326747
ck_62f46226f244139f,0.035695034855119115
ck_f948e8a8fdd79b4e,0.011975310292192076
ck_fa00aa0f3e859904,0.03089290502848236
ck_fc7935f784a4f249,0.005612893234880286
ck_e7501307c0698e5b,0.008824578380677557
ck_549ed417f2834cee,0.02352887484143164
ck_fb2a35571ec719d4,0.10049269662761341
ck_25822068c86c856f,0.0016183499379856488
ck_8f35d229b62c8f23,0.006185241211353466
ck_bdcf049c1e7d0c95,0.006189677163866527
ck_0aa9db36eb16422a,0.0020104114384808347
ck_42dcf92e9e016922,0.03951582292102828
ck_42341cf31c08c981,0.029480195540135496
ck_0b20bfc515ba42a2,0.022431719891933547
ck_0ec820b670d48098,0.001505065139496493
ck_1f0bafec397da8e4,0.025507001512795228
ck_82f07504ab59ed33,0.043621849070654486
ck_337b24a474010abb,0.9929620216516972
ck_703703bda38fdcf8,0.009899466788935864
ck_01e7960c63dca3a4,0.9556589346642356
ck_be5bd81e3715cb8f,0.8391236978381024
ck_197f8058cea1fbea,0.0013017970375851207
ck_eb3fb1106f2f1b21,0.058043103951759774
ck_658b4b54be09a4bc,0.985218670905663
ck_266ce7ccf41ccc50,0.013010953809532435
ck_110608c3b03d4038,0.4493329209103819
ck_1be8cb95d6d9bbf8,0.0016819920723738834
ck_8e16a64a776afa82,0.3893245102171044
ck_34bd190d37eda534,0.057346099828260215
ck_4f521611ae14ae66,0.005403882410675339
ck_d839798f9520363e,0.0327382967264802
ck_d1bbfd246c0ac9d5,0.05348965141540087
ck_f19030e6e85a6776,0.03542311759288309
ck_cdabe60ab59f9d5a,0.01867640846779292
ck_bb84b2b30293f566,0.7749666573750086
ck_427b91925952cb40,0.024695138783668413
ck_1078b1e155b5b640,0.018115333880393058
ck_95fdc264eac72fa0,0.006103725713689944
ck_e35eb857c61548b2,0.4580475761153551
ck_69bd0b1abea7e1f0,0.3060317269282636
ck_59de511b20c842ba,0.034213066680925705
ck_168e7ea341a36b80,0.003662515450270702
ck_4937cfa6526ea138,0.012380179343708714
ck_bb1a981306b750ac,0.11539701456198101
ck_f42a43e4c3f34ccd,0.008447187311473491
ck_c7ae1d4b3ab38185,0.004526693392984882
ck_bd23cf9bba1dd33f,0.0319206827568417
ck_0fd826fad7ec7cd6,0.015717266425075285
ck_f143641bf3dd0414,0.030946150670789464
ck_ad6d48c20a3688a7,0.0035882714598529683
ck_7bda5b5b927b2905,0.13884985803499134
ck_a337eb38eefdcc88,0.15824399049632287
ck_403da2a2d800df9f,0.13754346502515347
ck_aa01d5aafde73d0a,0.0032361442469616554
ck_494954023f0eb309,0.02178800861841519
ck_1c6820fc38135ad9,0.010984009677127147
ck_0e0bab173622db9b,0.08687717969462701
ck_547090bf35a3b243,0.008418898864421114
ck_d69455220b21dc9b,0.005545186353195213
ck_90b4ac695b9c6bf7,0.005244454479930969
ck_8d2afe17c0082e6a,0.02076754117288123
ck_926b81c0ba528eee,0.007060783713386944
ck_ce36b0c287bd198e,0.04430729884951752
ck_8026e017909aaa6c,0.008041176405535859
ck_dfba788f35d4c372,0.005003353331537047
ck_f09f9d0e0886e0c6,0.004070314135267267
ck_4ffe0366df388604,0.016751814229059244
ck_75bb521de55644c7,0.006776539278094945
ck_81a960fddf79ecf1,0.9660145190880305
ck_8f43459991ea511f,0.009058403887161637
ck_f878b68d66fbfd4b,0.0026089682329344457
ck_e84abfc0c747c9dd,0.9097838507568116
ck_3ad3fd3cceb56b66,0.9525385698441761
ck_7cf562578c7f158a,0.005694489382983797
ck_f81a97d350397306,0.024129371038522304
ck_255d87b7fb40caa5,0.03726035321770156
ck_b3905153b9eee924,0.012817752390082213
ck_2c80a592fb4cd6a3,0.006660630640869401
ck_57deb202d4188a29,0.012281689473442147
ck_e3cb5f31d8e94448,0.8611741934205335
ck_0db62d5f7f75f80f,0.02250376932192128
ck_ced9163ea85589ea,0.0956433422911923
ck_e16528edc694fb33,0.9179661298375533
ck_78cc5ec4940fec3b,0.003775328053681435
ck_31742076e9a998f8,0.01706380397399282
ck_5ac335f02280271e,0.014412244675271399
ck_7cc2e091806cfa5b,0.04020439102518624
ck_3152c7115257f084,0.009491118768681698
ck_ab1b9d019921bca7,0.011557173793346103
ck_c33a762d98f9b290,0.002829011295187802
ck_b16a7c51b6f7a6b1,0.11509509847994442
ck_97402a153348e68f,0.013455047468765037
ck_95391029a21caa24,0.029541415659929092
ck_c2015a1200971fe9,0.022666331765534897
ck_ed4427962c68918c,0.9523076668315822
ck_c5e4a17d3efb19a4,0.14009255547698893
ck_8aec3d3dd51517c2,0.004198616895599529
ck_f5178a658225d8e4,0.0022616913586738854
ck_8594f165e95316d2,0.00462484903135943
ck_f0c4aac04076a6dc,0.007577849495155007
ck_ac2f7397801036ef,0.013721393539325923
ck_d1ea4bcc407c7d5e,0.008999537323962057
ck_cce8b6657a538fe0,0.013019587418002044
ck_66d0c6d6b67a8d58,0.0044440247517465595
ck_1a6b30320835e57e,0.015655781438521862
ck_8cd274cc85aa35d1,0.027651744097245204
ck_ada46085a78280e4,0.023040355934135743
ck_ce1b06623e4a815e,0.0030950455991140963
ck_45e70c8a9686580c,0.08339104832358063
ck_0084d8ab6b1044f3,0.02001800513988102
ck_a5f7b6fed6df2aba,0.02480364663190229
ck_94940d783e7988e6,0.007512735329985407
ck_00f9ca84d1d8ae7a,0.006037163086375761
ck_0deb56f3f6452818,0.006077574292238596
ck_a58e900469dfc3f0,0.019828078954540484
ck_028c41b195280980,0.006333854572741218
ck_7661d7ceaeb19f97,0.015164593512317262
ck_6957905a65c47879,0.021589551908130663
ck_f7c6c26ef3c4ae06,0.010244610531124732
ck_8777beb11aabd66d,0.014546640124042233
ck_7db098a17374bbf8,0.9109455320083704
ck_66aeb00e44486cda,0.09636040976812615
ck_838c52cc1d315ec3,0.03220521826660963
ck_1745847cd4e5dc83,0.05733127575431991
ck_201687857ec8b3cc,0.02214291416134891
ck_81818169208a8cda,0.015123168676878901
ck_3303fd3f64632c7c,0.09204605149595814
ck_edf1096809e83ef8,0.003545772217879863
ck_235ce9603c7dccbf,0.06367820088657615
ck_9df7e153868bca13,0.007947493133774205
ck_3cfeade2cf270fee,0.008945314940800392
ck_982b0bf2e2b6c4f7,0.004481278635024858
ck_faeb0da678bb86c0,0.003733684478571241
ck_e86ad2fe815b6ed9,0.012776305225334931
ck_70d69e5d1bb99e85,0.031458444090845465
ck_7e9a8924eab779e6,0.9758899422003279
ck_019d5891103e7da3,0.019449705560339342
ck_14f0484b3817eda5,0.06375846305611647
ck_85de63d278f0fbae,0.0013267646205242778
ck_ae91b4cff57fb3bf,0.048241517093890726
ck_2a6d43b9f883b78e,0.13261661048511558
ck_7a4e3d553e8ab5b7,0.13060460089417944
ck_fdf89dc69f700f84,0.21916853203638537
ck_f92e04024bf13558,0.002570866306334529
ck_4a522ca2dc4831a0,0.0017222494238732164
ck_68ba25dc3385fea1,0.07851205022644527
ck_22128a4f0d033422,0.02303103114741271
ck_5b52ee0a13c71590,0.0037430619163629805
ck_59472d17debedafc,0.011692534490900604
ck_9dde2c63acda3ba3,0.018481356725633356
ck_7510b1023cd08531,0.012105185201456316
ck_071ddaaf2e4e3671,0.003531029068838066
ck_1355db6f4010232a,0.008679283877894647
ck_0a7adc2f27f98510,0.10323771723919274
ck_68250033717cd59e,0.010389651102828414
ck_7c12de74de30b788,0.49050922028630856
ck_65491367584c730c,0.03591119583459311
ck_e9047964952bee70,0.022651251997568324
ck_5567779d6ba184eb,0.04227769410533651
ck_d6ea026357ec6477,0.01540751185406406
ck_cd7dcc884e283746,0.03664037428782439
ck_0bd77fea8ed75a15,0.019525606629977623
ck_e80883208e8d0453,0.01391055462542872
ck_2ad0ecbacd5acf8e,0.9672405633774589
ck_6c1dbee7e8fdd5c8,0.005449883907016859
ck_ee4d9a7449515908,0.00329217055814733
ck_636111f7f030496c,0.008246255222705896
ck_2c629c657f73941f,0.01634613675969981
ck_c1c9d3842d758420,0.12409718908608144
ck_e4df7faacdfe8c40,0.02459075004282983
ck_94e8142728e44380,0.034680349192503256
ck_765aaf42c5088545,0.010226139188176584
ck_e0f845159b6e6a4a,0.021070750450877963
ck_5bc07deb82edbad7,0.002431686204148545
ck_713159c5c6a7a4d0,0.9955702387157679
ck_b08afc91d9ca55db,0.01586943395144013
ck_a7bc323ffed2ea97,0.4251709795787523
ck_85ca825f905a34a1,0.02502549181974447
ck_33160c443d4b3f19,0.021809958611653888
ck_832d39c590a3ca75,0.8401093646151788
ck_7d1661a34164406e,0.9887050881011346
ck_c2466fc40fc9d5ed,0.9530006584606934
ck_ed0e776c0926ce67,0.04344124365848134
ck_cdd2ebeec75bfa69,0.10970138043675057
ck_d7877684c7923ec3,0.009134075954945982
ck_7384d4d2406aabf4,0.011433600174692901
ck_b8e5244e650aa81b,0.0169973589082433
ck_25a1ea40b2d59254,0.0022390104601702865
ck_b9e5b318ee4de68d,0.006011504332350956
ck_620d7ae27af83cea,0.008851881071973279
ck_40b4e264d1a12b83,0.9796392954572863
ck_b694c803b62862b3,0.008778665138426362
ck_cbeca201dbade3e5,0.03433717618462395
ck_f9b439c9161c3e52,0.004966796046452415
ck_9880410fcd10a28e,0.001693448164904722
ck_74928f5f91aa12b2,0.08351826516791687
ck_b6673bbe61d2680d,0.018397152422673792
ck_53c8315b5c30acb4,0.008038342977689438
ck_78f01d78ea79642f,0.024036797415056328
ck_8582490d6e365a63,0.017611942105040235
ck_af25c72d16299258,0.005146124362423144
ck_7905fe8e257b0449,0.48748345363783085
ck_0d16d9349e4a9e08,0.00945079231161564
ck_31b16b8848584e98,0.039419861582173255
ck_67207e3eecc02d76,0.02180433985356174
ck_e6b95ff91116a592,0.010256017141050748
ck_c08f622bcd6de6e7,0.015899191516618453
ck_f9a68da9e0f0bc85,0.004541376455481823
ck_4072b59388976896,0.009619374896494835
ck_8ec86e853ad52828,0.08510537318130869
ck_4fecb87eaffd5cb5,0.009352829349988523
ck_d6880578428b965e,0.10635235495168809
ck_bfc82b3c1c9f2897,0.8075623198969517
ck_c340644176ca03e7,0.016886097042938416
ck_321e740066fb05c3,0.629923850643517
ck_8929d2eb09872052,0.03922860582559322
ck_205c107cec528414,0.34509306594658773
ck_e76db7d2562f9836,0.015193299168528353
ck_9ede51c8434cff6e,0.016928807608215562
ck_492e4b89c61b7b6c,0.01201254152888245
ck_9385f5a1eeebefcd,0.02414715777813858
ck_ee52c7bf88f952ab,0.013864681677438869
ck_d8116c34302021d7,0.0019603768892941954
ck_01645ea51972e99a,0.0437961235844194
ck_7b45ed23304a854b,0.009222407165362566
ck_2096d32f3d497ea1,0.04136153320450085
ck_dfbb2056f1ef7d3b,0.006596012113061943
ck_938ce30c864bc7df,0.0020145993919697285
ck_ff30dda2c881a4bd,0.24189486496301568
ck_f88c79186a082beb,0.011260625619278052
ck_08c7bb0f9851cb76,0.2513200257357755
ck_2675e7a008e584a7,0.08651584994826841
ck_cbaf8a954281d4e3,0.9741860404283897
ck_8b24eadf6c72b30c,0.5159470263686285
ck_ffc8e3c1377d0706,0.010438581509350583
ck_5b59e859bed5b40e,0.012705508413884846
ck_7b61717f172f9317,0.9387948371429108
ck_e5c30947b732f661,0.10047968372467092
ck_bc273f3ce79f7e1a,0.006195982527283
ck_f69e93388b3028cb,0.0962929912055345
ck_3837ad850996ba60,0.022450944289169966
ck_36d78ff3bc033ee5,0.007648921197215528
ck_5e20953547ba4135,0.04583454225493958
ck_258d661e450ac870,0.025555667055758513
ck_1df66f537496ca59,0.04984287451257287
ck_361f535599110201,0.020546961916605558
ck_337e98c69f6e7886,0.014493230489082501
ck_d3d5b2717cfc3913,0.01143267171070012
ck_b1dba768dbe7affe,0.11331963551204281
ck_92d782bd9ce0d1e3,0.010694884145782946
ck_26bd0f8898afc8ba,0.005661625199136898
ck_7916e53daab36745,0.09069882136051183
ck_2caf553b31831a50,0.009905735482254008
ck_c6200734c7f9b2f9,0.9818726625249711
ck_cdc55623cb16e6a9,0.017614598623653523
ck_57849e15b61c43b4,0.012060947253741
ck_b7af9b2ee0eebbc6,0.03761354265479591
ck_00aa5fc3b3bc66aa,0.03380699936771207
ck_9929723f65636c7f,0.9867635012144941
ck_8f6cce9f69912983,0.012005105603966608
ck_c422ba389ff00781,0.0024413051092319026
ck_9ec7f334604a228f,0.058412541350634097
ck_5d01200ba3341462,0.016605518773822638
ck_2bf10be403849c9a,0.011603151220245642
ck_6ca018259f70858f,0.011332658064830652
ck_a54dc042ebb7c766,0.1261476645590096
ck_79da63fc100830b5,0.016072296645887486
ck_67ab6f9e05c85085,0.008663432366943927
ck_fa80da579ea9afc0,0.013265883173414053
ck_4339f86c87289222,0.6958171812671959
ck_a2299b4f530be0d6,0.31189915058457807
ck_19db0bf788697c2b,0.007066941935894818
ck_fa4211c4d826d830,0.0007010788748530159
ck_96100d5e8e051e91,0.006026609837846729
ck_5c3a671883d58b3f,0.0013414262135625979
ck_2d9524787cfe1ab3,0.25241174108839226
ck_47ab8e51e5b3a2d8,0.002917556638777703
ck_c924f36bc1bbbaa3,0.012084451310116996
ck_5c58e7f8fd55e26c,0.003003985660633802
ck_a07e7409d6d5aa06,0.02565929961549812
ck_c8413898f5f7cb7d,0.030034232613522588
ck_577c816b41cab002,0.5662766292450747
ck_9f7807ed64cdb728,0.013285366340721383
ck_495d814d6d6d521e,0.001967903175143058
ck_7aa8bc018c2b003b,0.0037932519694629306
ck_7c3a6a82f3c3241d,0.006108392652015364
ck_487f7fbc290e4ae2,0.0035818040881679053
ck_e556c4d36aadbe03,0.005225136705466414
ck_7e6569a1b2455cb0,0.0023971139951573573
ck_de2924955926d046,0.0238202532598444
ck_73d60b4630e3937a,0.0032374411480596975
ck_805ee564bd35ef15,0.20962016658629104
ck_0d40961e47797027,0.0025320142134307223
ck_f06d00a4f9c87d80,0.005580218785676457
ck_5ef50fb07b6737d5,0.015506140271279981
ck_16541fc15683e21c,0.007309341701519887
ck_09fd43f1b7e2eca2,0.005332686087992838
ck_2a2c336a69b8d68d,0.10640740276059925
ck_2685f38930866af0,0.052727118802362735
ck_298278a9da874437,0.022646105957367584
ck_00bd7803f2530c68,0.007669758312372236
ck_c2b4a1d8c0b6c1cd,0.000770588896303195
ck_2acb54ca20c3af6c,0.018347578140881712
ck_e3d4b6f681c783ab,0.021663222941129004
ck_f90293f1eba5d7b6,0.11840395415103924
ck_e69d27e8965df0be,0.0029629020453737403
ck_b7f5d10b427346ad,0.006952467273818189
ck_1ce20e4223a936b1,0.009068220854613467
ck_6b97d1ab90f6bdeb,0.016574703747951156
ck_e30e17db5473c7b2,0.004044900323530285
ck_154c8efb19dee665,0.0068565809748584935
ck_6f5bb0c930644cae,0.9946096177998547
ck_9e17699baa83d173,0.002031542305255925
ck_9693b1eb70880205,0.009506938426040128
ck_1e97899875bb427b,0.012651595356956527
ck_558a82590f65df69,0.0034997126007853666
ck_18df83242ff3cdbb,0.023195693140060373
ck_80ad4396e1084c68,0.021999867795073545
ck_0a993bc947bab61f,0.038688201512364385
ck_5c2d43ff841632f9,0.005607941054156776
ck_6e4b99fb9725d9fa,0.015957072228046494
ck_e0983999ca26c19e,0.03665086589264913
ck_6573c4947cc8607e,0.03660445671547121
ck_d879d645d6e44207,0.0054608497763320215
ck_1375ad9f10688e4a,0.0032662048664527992
ck_7501ebbf4e21f160,0.0203841726714024
ck_ca60d61cd4dc3bea,0.0044157866024913395
ck_ab9ea095a5c58b4b,0.019757861202128652
ck_23756522b58df5d8,0.0017732571625733448
ck_90bc176c43d85fd5,0.18752807937683447
ck_908b663b2dda94ad,0.10324169197031693
ck_4df2fb8e4b649e27,0.013223767551534824
ck_5615c6bbdef05291,0.10213202645172317
ck_b62f3e3185251f71,0.0015650026591586673
ck_38d1a22850178f33,0.003407401414880085
ck_5b3ba20c8bb1383b,0.0077969697306731305
ck_5576ffc6aaf6f22c,0.001292546876089095
ck_cf7a022178165e56,0.005890088239816561
ck_f2c7a4c50e2ede96,0.045757350259522704
ck_285719c77eadf915,0.0016484925203183274
ck_f2aa1b677619ab19,0.010222597094718303
ck_3830c58d841e9e69,0.6403052959571118
ck_32eba3510c8eac5e,0.016282723866614234
ck_8955d7b9030d5eb5,0.0333799758902935
ck_6775e387dace7525,0.01837413965053286
ck_0a0cd7f4be606a93,0.03817725264950239
ck_a9f700eee5d638df,0.006746127595298028
ck_3d7db96995745472,0.05073705246231785
ck_aeed557007d52e9c,0.000760175673691123
ck_79b6a86830156b5a,0.020787021336084434
ck_6a1ff9d69466181c,0.99259704586951
ck_f11b1565f986f5e3,0.021929183122244275
ck_4819327a78615485,0.0030424170682404987
ck_3ed9e081959b2f5c,0.018861415568067252
ck_16af4be191c47d3d,0.0011451272850224084
ck_25122cc0e8b1a662,0.10424392721087204
ck_509c22828d467ba3,0.03862895023070512
ck_31109c899336348d,0.013803308583894697
ck_c51131e53baa59c7,0.005278286671722657
ck_cf8ecabbc61d3e11,0.02543135081058799
ck_eb6baff0f85ba936,0.03208758246673778
ck_777669e2243204f2,0.8594245176917545
ck_ac0ea27e692acdc9,0.016612543322836733
ck_4c6ea04ce8ca9e2c,0.004542445605572264
ck_ca54b32fca7e94cd,0.007673891960714168
ck_4dfd8947f540eb24,0.01509928998610844
ck_95aff1fe27fb24bb,0.012142865063084507
ck_c7550723b90e5615,0.003717872582492916
ck_57b3fee69bdf85e8,0.0022719448461787513
ck_f823407ace7ff064,0.04009287385838178
ck_a69084a068bcc8aa,0.04198701042884906
ck_c7b17f7b24bef5d7,0.015962973874033844
ck_7c4e588f927c27c8,0.01517817175308836
ck_77fdac602d0c6f95,0.07264632023590893
ck_e963d8525018d072,0.02456929627608235
ck_6e8ebaea8f7bffaf,0.0011006717234823906
ck_aa42976a31cb7770,0.007734616629778081
ck_22c862a496008c96,0.9961146439852915
ck_527550dd15f38782,0.04550456097982791
ck_b3ab3c210e2c7c19,0.034761373127525176
ck_ed9c56fdb9f45ddc,0.5656429409778903
ck_b53281da70defcfa,0.01524664767586442
ck_03009b721568ee98,0.06304128625351718
ck_3d9afd862b3f4053,0.37401088124403203
ck_ad3c4be96599554a,0.0055951441568295734
ck_d1c787c27d50af49,0.019371605892304605
ck_c7a9c7b2eef46a99,0.004971726446693184
ck_53036d3c6c74446c,0.28172132294458857
ck_1b1efbd9c0964c8d,0.07083493900650821
ck_d66f42a269d5c1ed,0.012386303200804498
ck_fefc49a2b8ad993e,0.016234733526968536
ck_8b3b874249adece9,0.024993425820378397
ck_193d9c87ad3f1dad,0.0017594126521381242
ck_0c6a50d747593b7b,0.008977545827919585
ck_c830f3830875b47a,0.01912193479061629
ck_79e202f06d8dfe42,0.029318653650157993
ck_5c0fe988b8aa7fcb,0.09247615328567868
ck_a8382d8345f21e1e,0.004503048623175404
ck_8cb20053914692d0,0.044387821817569346
ck_1da2f69023ca4c13,0.0019210207603986699
ck_38abb60995114f8f,0.029025941784020685
ck_f5791fd8fd8fd191,0.01389506918476297
ck_a4e6fc391b674335,0.5570464054009451
ck_bd771efb4a7e15d0,0.00865141606703373
ck_38ba4a6b6a292054,0.2122862477871111
ck_f7a07283345a0dce,0.0187398839092505
ck_87dc484baaf5a23a,0.0010568089812576507
ck_c84ef83489badbfd,0.034447160592094996
ck_a397cd64ec5d644b,0.013930852365698873
ck_7977135c2ff61e92,0.00914418722928699
ck_52174855b243a8b0,0.06390668375144067
ck_0f35e930d0614613,0.9743356688960383
ck_b170a7db522a0d6f,0.015359736029208367
ck_7af748a23775bd54,0.03740163902408614
ck_52f641c9ee6fda70,0.003442603530066991
ck_c3719a30414bbb4d,0.006325324370579023
ck_2baf214ad6bc0dbf,0.06609379023722683
ck_8b39d8aacfdd72b4,0.015053030306176947
ck_d39b0152116203be,0.025187096267242897
ck_ed33f8a937f9c7c8,0.016912655919785184
ck_8ef97b55a5fd6ec9,0.0031018233864825565
ck_8247f008a14bd1a2,0.003829974416847903
ck_f0d349d68249d5db,0.0030652399590676864
ck_a544e766540861fc,0.017822620559537074
ck_9dfaca4c7c80b10d,0.05581423510451303
ck_7e5401c362b2216a,0.004223842593045234
ck_64ff60c073fdb6db,0.02355970361471762
ck_fc5ea49518e5d637,0.00755384992090788
ck_580f136ced341298,0.002626604695739064
ck_9cbef9bc95449dca,0.008914827055258825
ck_e475a3b8ba870a7e,0.007707154945214994
ck_97e94708bcf43563,0.008307539119593072
ck_13f03ec785cbdae1,0.0012509524946320307
ck_152820d8817f478c,0.008158584619368456
ck_d20d4ba60eec9945,0.011650865343118084
ck_5c45968a805132e0,0.0319072458059339
ck_bebea2cf3063fb24,0.01395701196461348
ck_c3c69aefe7ea1d2f,0.014610822853775966
ck_02028b72f26fe855,0.02216343156960415
ck_dfadff70a58a9133,0.0044828502420675735
ck_6482ed4491bedcaf,0.0071778429154170445
ck_754cd7b4a5ae3f94,0.06041011277353833
ck_3132857aec8485bc,0.0014702948094196889
ck_7ce4ca91b8f9f1c1,0.013444797355740756
ck_41938582f4351772,0.015937395269619892
ck_f87d66946252476c,0.12111464590671747
ck_8053f1879a9b4e43,0.005601025565963739
ck_93892e91387f5103,0.02035524981599168
ck_15254db133b28371,0.08781862922411594
ck_d557b9feb241b3ec,0.0017300476016418776
ck_71c3a8e4c12c989f,0.011847464664849962
ck_80e3041811033443,0.02174390162975335
ck_3380d60067b4634b,0.0032153570053191968
ck_a9c2cdc758df8510,0.02553257348807252
ck_3c0031d7514da17b,0.035560141915254785
ck_18d214b1418be39d,0.01576933520926921
ck_7ce768407fd48321,0.029596948700741
ck_7a50abd42298133b,0.012682212936056985
ck_2db10f987d137582,0.07614504976391136
ck_e077d004cd1d80ae,0.011463021071476459
ck_1cb6dc67f9a321b5,0.013222586517758182
ck_b864f64101149c35,0.1948628111516212
ck_9bedf54df9418e4a,0.021400692345577076
ck_c47e32c47f0e6578,0.16440861330666814
ck_71f382d5e338daa3,0.007668022152219311
ck_14b4bf7be6ac2b61,0.04270858525850434
ck_5c87eea1cc07cc92,0.08029734066349546
ck_5f445182829ef342,0.040386466289659397
ck_a5d7311291caaa54,0.0052897184018470345
ck_b7df99aecef385e6,0.040458556404830086
ck_3327a0582407068b,0.022128719906009998
ck_08dba09fd7dab896,0.02284346037484273
ck_f4ec334be5266378,0.004515766069113913
ck_240f7f894c5a86e7,0.011743404273014612
ck_a9d994554fc14a02,0.0009675663621942111
ck_13648cbd306eee6d,0.010910962568180438
ck_601edf9105b3c321,0.9828035903342225
ck_9527adac182abe57,0.14189194029803623
ck_4e0e80f5cc271bf7,0.002522828361153519
ck_96a89e720176b389,0.049695882959884946
ck_63560eec94b76d2f,0.019088400074547204
ck_c9c99e5b19aeced8,0.0019101758470388764
ck_bc32655ee5ed643e,0.018232380326548933
ck_edccb5a93b741744,0.009402895180174098
ck_f786cbc987b70930,0.003308154194388361
ck_0e8f26536ccc8947,0.035019613073153766
ck_b87ef4b98cfcec4c,0.015304998371442712
ck_1a9235812de4b2c1,0.014326356358732494
ck_d1ed88ea4211ba4d,0.009058834028294573
ck_a4ddac49657a4450,0.02515714404866324
ck_d9ffca35188e49d8,0.022318763542885384
ck_3db73bbe03c3d240,0.0027624047700192797
ck_fffa0622344a36ab,0.003097635595401375
ck_148c28df51bba5e9,0.9539275201461602
ck_076cbc25c8f15fc3,0.9809809491116377
ck_e5ca550b39ed45bf,0.18821263047152134
ck_8dacf3a2061ca17d,0.013643149410562588
ck_2d7394afd61643d0,0.011467464739371361
ck_e42206e91f6a1752,0.0024232822130604162
ck_2f4f94827984c426,0.0014511610576753023
ck_edfe8e90e8f4366e,0.006304639193533078
ck_646b15f753e5e9c6,0.03140892467012648
ck_66600620149c8799,0.013470311887212864
ck_4ff6fc70bccfba96,0.1362482707151026
ck_41af3729590c2484,0.008167849448834691
ck_920a48ba8c583e96,0.004964781160588297
ck_0253b3e7be021306,0.0034145051775235163
ck_2ae6949246ea2648,0.00873780126594855
ck_db23a5100f338d72,0.016094323583062935
ck_fcb2a559474c3493,0.01912999958243005
ck_0a4d7acd2a53cbbd,0.005330602038424115
ck_c5d62b2b7a6f3bac,0.9268637076848347
ck_cf59f4fc0ea690b2,0.009738470274488306
ck_837be8126bb19250,0.002857117156962472
ck_58955542edee1adc,0.003323265893019957
ck_1b93381d8eea58d1,0.008181723338304287
ck_97b8e05d62abdc14,0.006365291051040087
ck_71a0d645744302a3,0.006257488967972893
ck_a7b57882ab66b111,0.0018755976325896015
ck_65f76421be648549,0.013391814905097518
ck_b53ea8713d32ca7c,0.011586280051620958
ck_991c4c924a1d85ff,0.46815489085070977
ck_8432ccec1a4ec7fd,0.9931518867313003
ck_64c1633297f43788,0.00920239095635753
ck_4291fd9c1161d8e1,0.03583470971931468
ck_5e98ed6391d9f429,0.02934781043973163
ck_c7baebe4549fdbb4,0.05529531060102595
ck_6e67225ba59fa5ae,0.03675284676017045
ck_719602def4d35fe0,0.023973776351086273
ck_bdee7c86f5ebe81f,0.025600759490985885
ck_8de38f8c7f91961f,0.05871492164738929
ck_b0b5bf9254700402,0.01307749029184604
ck_7b55d9bb1a250d4f,0.04243979768392096
ck_3954b7b0fd1d6614,0.003072443013128742
ck_f29471fe7c818d6a,0.010651737787406492
ck_9e65a8a2f587691a,0.01620136936077867
ck_eaec5f1a83b66eb0,0.0845762424863138
ck_004fe0daecbe2c1a,0.013890676204427998
ck_d17653a4a2d4a79e,0.018130930392331532
ck_0dd417fcbf19e424,0.026257183006169214
ck_4c99a6eadea143e2,0.037006116936832666
ck_74d602c907ee9119,0.003687184556158795
ck_1aa87cb62acc0ac6,0.008888911385788562
ck_094974d75e29fb2f,0.03300453705682772
ck_5ef935ac3d4d3332,0.020604246943422902
ck_b26e4ae47c9107ed,0.09106638768441672
ck_396cea6f95186ad2,0.021764346801792792
ck_48446a9e8184c7d4,0.005538207278775456
ck_31e1ede23247d56b,0.04887397670254628
ck_7afefa349b960a3e,0.0178012031346058
ck_f5e02a3432571b20,0.04024148947456206
ck_64eefec062592c43,0.016996094403065706
ck_a1201284122c141f,0.016820471676443127
ck_1b34c420a4c85a95,0.0103951629663894
ck_d637a011332ba67a,0.0059644698455311625
ck_99c0004d8b7079f8,0.010425555143422917
ck_948517bad569b40f,0.049724095135397516
ck_a28d6b1601b472a6,0.016388153846025252
ck_a0b4209feb31f5c0,0.9935933060458589
ck_d6d2c1f6dfc455b6,0.12460305342316673
ck_3f9e6d356d3dd3cf,0.0013765385983712899
ck_d08e00c842b75176,0.016249748579815686
ck_bfdd232a7c5f2660,0.01744420763349095
ck_2cdad03ed069438c,0.02672200321524535
ck_42317c3eabd0a285,0.03309627334999216
ck_3eb73e56751c704d,0.01451352890124843
ck_ef33c04f4c9e3758,0.015423713138291655
ck_1dc23dc870f1773d,0.014092811907686239
ck_76091f357974a152,0.03256155930935486
ck_4d9eb75e8eee90fd,0.024308538695420847
ck_578f67e69e5d2cfd,0.00307295586541554
ck_3a8ce1cc724229b8,0.0008826055266119247
ck_a96887f841e80fc1,0.041404507648441814
ck_d2d4a8f4a9f2c33f,0.021670516947440783
ck_11f85bc705dbe036,0.04944154816835729
ck_7429b3f87528e335,0.01703084780910815
ck_26df74feac7ec51d,0.0231414989640863
ck_c78b2638fadd91ab,0.017727404028631467
ck_7eaad325abe3b50c,0.005431674343931158
ck_fd44e34af620e606,0.023784621286976396
ck_f99738dff854e25f,0.0020567644879616763
ck_1ffbce3a239bb264,0.005210094833472742
ck_96c7d52ba0a766ef,0.03827887524095917
ck_cb1c00c300af3f9e,0.022832472231322606
ck_ec3d12848ced99f2,0.027445513424139742
ck_26cfd7c3c6c7bf69,0.006515101450621232
ck_7ae86b5a885affc3,0.007679202998328948
ck_3edaa94d28cd48ea,0.02117893239718355
ck_3209c530c9812e39,0.004448411676471859
ck_ea62ebfc1f04b49a,0.007615906481716203
ck_5fc90b4668ea81bf,0.03854007891407975
ck_95654593cdebd141,0.005740900693110342
ck_958c0bd61820147f,0.02645083101899856
ck_8440ef1386c07194,0.005780515963708231
ck_8cd1b68dd74b1375,0.16814478861764132
ck_c9eb4df91ff07f2c,0.038201808305061875
ck_c29489366c01fe65,0.8728212310161733
ck_c965fd6bec0f0ecd,0.01637044802089641
ck_84c402b23766e1f2,0.018496317612493294
ck_181f3dae03b87136,0.0855567073786676
ck_022a8ae79eb28cf6,0.7436897836366492
ck_469c17407d17b706,0.024551432697020977
ck_1fcc5843f39148a9,0.0025262014348710967
ck_5debd55f361b2ddf,0.007302066517260892
ck_28cb9b03e89263f1,0.0015173370503308815
ck_f067470743d3c7a2,0.03814715904142125
ck_d5d225ce41a1a762,0.011422673092070765
ck_15b4840922195ffd,0.02881154136789606
ck_6bcfa37c717f19f1,0.011006388884681029
ck_8d501a0386c66be8,0.14916786152917813
ck_1a9d6190c57ea7e2,0.418970023937748
ck_c49832eabdac5bb7,0.003639152297461221
ck_b4331140b2e0d4aa,0.009876554867814219
ck_5efbea1befdefe1b,0.11572752476494445
ck_72ff52c4824072ce,0.03318595467426937
ck_ec3715add8bbb6e9,0.005961180948085896
ck_9822f8ed05335741,0.018014845841273986
ck_c3d7d3d12a1981a3,0.007249354890404315
ck_a115a7919ac5875a,0.07381129824531071
ck_4dd4ed23e0b927b7,0.13785093878583238
ck_4c76efcc1ee6762d,0.030348142870678142
ck_3ad6e7bf452c9b21,0.011120820584523747
ck_dcbab304b55a42c7,0.010097693909240481
ck_24b53090faf722cf,0.010148356450144098
ck_187317383400491d,0.005950363429577758
ck_e07fd57565c94c28,0.032596509196377924
ck_740e760fdcd27835,0.004681606614408
ck_d3796aebda1cfed5,0.9289809675258449
ck_e541967c681cb929,0.030066313270327428
ck_431118050b834dcb,0.003352791060394095
ck_90f3655f0c8a0074,0.0017847418292831155
ck_13cd943777651aac,0.02107893466992727
ck_66accecabf3901c0,0.01077475446494767
ck_937f0da2306b2eb9,0.006922919301495299
ck_105b0c93573fd5b7,0.9085700707224776
ck_00480407160e0743,0.007118800699301906
ck_e032068be7b77d15,0.016053206191922114
ck_991b7dfd69098320,0.002499110041942611
ck_37d47cf0f34574a2,0.004943367580175037
ck_011551a596544f5d,0.007445343165362948
ck_9acd98f4fe2d474e,0.09407906153535599
ck_7c88d3d377bb61bb,0.034937315038369526
ck_e2374c7136c964fd,0.03793776164505827
ck_2fa8f2577116e9ca,0.11028846724304188
ck_d07c5b0321c685ea,0.1246805016740292
ck_bc736114a31088a7,0.007191631869249373
ck_32bb42f9bff197f8,0.025314755612068026
ck_66267bbad1f1415f,0.9904249862840263
ck_19988702ccd79201,0.008090349436651665
ck_f473a03fbcdbc4b0,0.010855754397925178
ck_e3f1d85fa5d49396,0.010538351102934987
ck_c4402ea6291df271,0.02171260679863858
ck_243bd5ca8c4ae5d0,0.00540810334710172
ck_f271e855925e8d6b,0.1505778030040495
ck_e424148c6f2223df,0.00709820043493492
ck_e4d0a9e1102a58b5,0.0058476245048014195
ck_91c2a5fe69b9b1d1,0.016110595880094884
ck_5fd8924732fe403e,0.11590149658980926
ck_9a881d5433126ada,0.008354179736633553
ck_73cab88b29c7845d,0.017206523650863278
ck_5b5dea6476d4e182,0.01759798353225265
ck_ccccb17d2ca6ce94,0.040577450495168
ck_cd1dc68e441222b1,0.9126473059362437
ck_8312c49b1431a406,0.015013875475458904
ck_25fea39897f2a559,0.009785424906632693
ck_f56200205280bddf,0.04147781282181409
ck_7336611650dcc088,0.0025201589395478837
ck_590716322ff147ae,0.045791271800737325
ck_c82364d87875a1a1,0.009673258496517255
ck_fa4b60387d744fc5,0.001957179955024866
ck_d841eba8906e9a15,0.0038993198757471073
ck_d6df562a79b9d0d9,0.015644877867951053
ck_59a14d2564193101,0.0036907159184368177
ck_8530158e3d7f59e7,0.0056801153803378085
ck_ac68d707006c12a8,0.01218155327602801
ck_976fac1bb3dd8c58,0.031071849923656986
ck_f854fba8f4adae3d,0.04824578499418612
ck_b98e9c3ec6e7d1e7,0.008681147624278745
ck_803c0b4cf9d4bc1d,0.020926479050871364
ck_76997a33c3ea5107,0.0020019388699585882
ck_f1a9d832b700bda1,0.9666503116163058
ck_2bd96ddb8c323d63,0.9771126040450552
ck_9e5b7acf51b1b743,0.04658222286026858
ck_09169f22194fd6aa,0.01640196626527257
ck_6d69e092f9b0848b,0.025503253891681857
ck_9f83fa5a2d3b9049,0.017854904117885168
ck_57bbb19eecb4b87c,0.004617397598087398
ck_e0e9cfabb979f428,0.005939342705145007
ck_b1ff9edc51d42f97,0.004050907295456366
ck_4682fad271d47eb0,0.9332983839566356
ck_ab33fb754c818ae3,0.03667875546871442
ck_b456f62b80e21557,0.0012079405418674947
ck_16340be3f2a7fffd,0.003632591872639357
ck_ce66831f6611014c,0.011785962539075897
ck_4610a073bb54d1b1,0.020431765362609766
ck_fd038a7d33a9d6e5,0.0034906676132634065
ck_c8198cb4c461304f,0.023497355794016208
ck_1e7de58822000dea,0.004443410509676195
ck_b2a79dd3df560f14,0.026285675541422047
ck_74a06f347b32347f,0.015316993628420185
ck_c6fdb2972417c9bd,0.01471651326105243
ck_d7607a213b800bfb,0.020484151132063304
ck_df65967b8b40319c,0.0009657493712462965
ck_329a73dbd585ee09,0.020687430486619304
ck_74991a9e85c3b07d,0.009317806225551962
ck_bb76609b79e0bc9f,0.014924069961317349
ck_f7fc1bd0b9ab1fa4,0.008782773106456154
ck_d111c98b36bdb791,0.0031833705659996955
ck_f07e27d125497b66,0.010083505910435924
ck_093e3a7134e11d6b,0.011202327610352086
ck_862c7953bdea48b0,0.01030830352070005
ck_392cf2cdd515c34d,0.016193673867464318
ck_80eb91b0b4001084,0.05015541455806646
ck_5923f53b77193a58,0.137323300614987
ck_8049f5fce32be185,0.7713695977757465
ck_ebc5a2c6cf88e252,0.008611320745592179
ck_9ea5872f14cce338,0.013988668571312606
ck_f7fbc95ebf584379,0.006361248018366532
ck_bafe82c870356706,0.9428656416538395
ck_278b36c5932d9bff,0.0036989398340999337
ck_6a892dd5d05c1649,0.011055544634275417
ck_0734fd90b2cabd43,0.014642718035152687
ck_9b552204498b6762,0.027510801693013072
ck_f6c909c205767956,0.047248145136474566
ck_32f590e87bc3d715,0.0008270487684195028
ck_66a8325f28be7562,0.003277275202368095
ck_b129261da9c3c3c9,0.013477783237106196
ck_a524071c51ddde20,0.015723324511864544
ck_ba576d6d4cb6130b,0.16096284714027115
ck_8d8226520722af78,0.03392216251690558
ck_c5b0f0d4f1655a20,0.03800359782326515
ck_61814ae9b6d8eab1,0.005180651757057156
ck_382ebf136f7fa337,0.24107406648107244
ck_423ff4ede6a9f066,0.024697308576520086
ck_546ad962d04b7de4,0.9366907695320532
ck_9473ea4a01c95f9a,0.029896214008644627
ck_9eb1da8cd35a50ce,0.0062956359631432795
ck_de5eaa2cdbcb67ff,0.1174089201992808
ck_537cc97d0398c922,0.24932309441775174
ck_998475a2e4dfad4e,0.010653342963168878
ck_e62eb708d2688fae,0.011738505025216062
ck_ea623358f704daa7,0.12800964002359283
ck_b911a09f328dfd4b,0.005018698738064007
ck_4b3506b624e5193c,0.01610235798860881
ck_448456f96788713b,0.03531249965153854
ck_5d5ef9e75f65d076,0.05307081257165058
ck_3b74512f774a6e5a,0.016457664041407898
ck_a032e8ac1507c6df,0.4215893944001841
ck_7e2d6b22a0ae20c2,0.016181322683078946
ck_d80283209c963f11,0.011346198722460357
ck_d1157eade2ac3975,0.013285534962452574
ck_be48f583f79427f7,0.029380258143799996
ck_0027b5d4107d65d8,0.024181266118605455
ck_94fff69584dd3b2a,0.019206988436431028
ck_75fcda73f0b43557,0.004664084208740085
ck_a1c78972e4ee4082,0.04261533003253052
ck_f0982bbdbd122f91,0.015452532897324971
ck_3199b471575aeb3a,0.005366345135451589
ck_7fa947a0b1c1cf74,0.023995540319064312
ck_a60c618b7f0e4252,0.0027041152869415686
ck_722ac47c8ac9b6c3,0.2784686318723205
ck_d44dc3839a195c8a,0.07409681610501989
ck_a2c3e82fab520483,0.017001759185292623
ck_6f8ae0319c07cafe,0.0022682119545715806
ck_49886ff1e2c759d6,0.02317419593292394
ck_150a1108f936e6b0,0.008149886718135012
ck_e21f9f96f597695b,0.012005393228531005
ck_7297bff2b7fdcbc8,0.0008572421304050198
ck_ee949c71f4f702eb,0.9894920549397527
ck_6fc37dea4b4f35c6,0.10107527064914992
ck_e76257caa98dc25d,0.985570668052506
ck_828eef2334e17b3a,0.02135035898385818
ck_604e1b8a8c693aa7,0.005040229716309256
ck_7743c9fe037d1f9e,0.06188363688537863
ck_864a11202e19e812,0.19263447389018004
ck_4ec040b9e3785e4a,0.0011356524967515655
ck_7346e4f820d9c00a,0.7348085628915234
ck_48d4d63beb26b623,0.01947957048036292
ck_c423aa6de3ed1e01,0.004309682212247894
ck_d74b2ead8aaa3f73,0.024082545747128672
ck_1dd69a11daa7bf1a,0.013389439972550423
ck_d9143e236eef177f,0.04953234227712625
ck_f790d91e5ff0eccd,0.1483220489192401
ck_69b5620e00ef5dec,0.0024724533486307912
ck_cd32e58e8a1c0e85,0.013080905103030284
ck_064013b0957d87a5,0.9839102065427309
ck_a481385c2e60dc4a,0.014901412193271006
ck_d72035cb29db3aa4,0.02325227838148108
ck_3759939a0205306d,0.014970649273479256
ck_f437a53fc832ec95,0.4235109784884128
ck_260ef2f3e6434819,0.10365857596090076
ck_35e411b05d22f663,0.02716615522256289
ck_8bf46e472f3e20de,0.11938659132883002
ck_d546994fc5d3e9d1,0.030600444588397765
ck_6ff0fc7487e737e7,0.6286914697669782
ck_5c67f27816ae0b6f,0.021490457067841993
ck_c5517923458106ae,0.01020487239220829
ck_d9735647a6b0b0a7,0.6475729190288156
ck_541a734fc457246f,0.04516667273575298
ck_2f6a639468f41043,0.004277255847595125
ck_bea2cf7a6b7bb900,0.007562138206008623
ck_7eebd0e6ad6c070e,0.00727177246123816
ck_b64c87d5e3b10e6a,0.7178571588067069
ck_9dd7daacb7833233,0.009627873182998068
ck_396e9ea9a6c6d7d9,0.03505301357479295
ck_1645e6cc53fa99ff,0.011119558070317429
ck_ea2a83ccb8d57490,0.0030276791292021352
ck_e64f0df63e1be595,0.03940841561031568
ck_fa0b234481cb57d3,0.025212953782395988
ck_63379e3c9fe6f711,0.014823047304487037
ck_c67f7944896a0310,0.0450753784660465
ck_c10e54c9db29e6ef,0.9898770363092682
ck_7184ad7709ae4c80,0.019796095377060226
ck_f8b6069d7577fde6,0.006173875878237289
ck_18444be153bac1ca,0.7920719923580529
ck_d0982b4e0e118e4d,0.008529627221728325
ck_6faf3e6820398866,0.006247181437029809
ck_97e980463aca4644,0.011824237951249374
ck_630c835243c66b19,0.9955261079427616
ck_fe429ba3e1aa0e4f,0.018013382939448527
ck_1058129ed7b48c59,0.012404836541941166
ck_04a1a46f07885296,0.018481829153680962
ck_f01e94331067edf6,0.014386892728957493
ck_77b2fb17c29f5e72,0.0164608976646197
ck_4f0c5857da45fb28,0.17759936682872593
ck_2cfb9a7775e8a5bc,0.8834573161383649
ck_6846100e43659bf3,0.005427453976660731
ck_f89719a854fe11d7,0.034334936519884646
ck_bf47375e41ca3bc0,0.007947576626705605
ck_2770b0400a7bef08,0.08569414676842269
ck_2a09d142de1c77ff,0.018477460869029974
ck_857a1f5547b9ad68,0.020585484539238877
ck_185f15b1523bbcf4,0.003522386455370614
ck_ab2aed614ec1cdf8,0.041472610802041725
ck_a9e7f3b2d5dfd97b,0.021749007023199672
ck_0eeb3d9b3e697edb,0.024971403846755127
ck_fa5830d81bc8ddc1,0.0034586167537128975
ck_231ae0329ebc3220,0.009956563687479826
ck_1587763dd54688c9,0.003142107764307931
ck_9f85fea4490c00cf,0.009379918029415998
ck_a2d709e7eb91e4af,0.08430350262929388
ck_43637d28c7216453,0.003865332673309425
ck_f3ab5dd853d38252,0.021428928532297605
ck_4a1f0172d3bf4fd3,0.017949171501075764
ck_517620ca16505af0,0.006442511442595979
ck_9ae904fbef56065c,0.003780072467211274
ck_d5ef1f6e34bb35b8,0.044726952485387446
ck_ff42557857ae3aeb,0.0018413703711801176
ck_ad9a18f58589faa7,0.005790818695969762
ck_df1a6edaa3e6b271,0.00977899644333664
ck_99021fe7225b5a68,0.07754432421162304
ck_99e52c3c2530b69e,0.9769724512031065
ck_3a4811dc4a1a891d,0.01861594845999277
ck_ba3a6be026c87079,0.008625253412177488
ck_da6d1e5cf6aba6fd,0.014915139566759843
ck_ddc7c1f3d45fe6e6,0.02177834851155088
ck_e1b1e7a7e4a15b3e,0.01323097608409434
ck_8288f7f226e08b89,0.009101218185592414
ck_c4524993ec31dbe5,0.0070085967124480205
ck_8b19bb5b23b6741c,0.07307776108094871
ck_d21b38231a8a9f4a,0.12401482536450656
ck_3f730318a9792292,0.011039164119603411
ck_a4db6e94a8f77f9d,0.04496834544812396
ck_a8cac8d480306839,0.0014745661892523179
ck_5472214011fbc2a7,0.004216181342916589
ck_7356f47dbbbe7904,0.007971182116773681
ck_16801e628e883d78,0.02001275264707783
ck_0dc1e536231c4860,0.02414092577177841
ck_7cd0634a6e60af83,0.04910575569621855
ck_ef6f8e048ae1bd4b,0.01011152319580454
ck_82f3f744209888ac,0.03947217026259988
ck_f33188c232a03526,0.18167372915132138
ck_4a59f4e10bf45d7f,0.002316012493430938
ck_d96c893721385e4e,0.0024679450927221486
ck_f65ab819373edb37,0.011587737275348913
ck_21cac21fc10b7768,0.007403557784912229
ck_139b54e6ccbdd7da,0.17563659021202263
ck_d6f5c8741697abb3,0.013912920764336353
ck_a28d9bb5590d458f,0.049957294207543995
ck_ed26d906883bea0a,0.014410893040780814
ck_227602ad072b838b,0.0029336505049069633
ck_39d5f6c17c745ab1,0.0026910527021094016
ck_744eade757ba69b5,0.021806377640549258
ck_c1295d97cdf35ec2,0.00886238321633309
ck_69105f881da3c821,0.006905730893786935
ck_933789b55361d7c1,0.822524240324882
ck_b667952253503174,0.005144453299259406
ck_7bf668e25abeeb05,0.008691954232987952
ck_91742711dfdffd56,0.010534740001703733
ck_af32a0660090dd68,0.015455515270598432
ck_2122f201e65f76ee,0.011131779215226562
ck_f48acb73a5d6af07,0.01575450036113798
ck_337c5684510cf432,0.05965328925075611
ck_f7bde7265053364d,0.010026813954224348
ck_c190c7b924edba75,0.03436882273842321
ck_044fa3b3a003f0b5,0.0213056763146563
ck_87eb43e3b9d96169,0.09747405232690522
ck_2d3d6c9364362017,0.0017016269929772422
ck_ac55dc6cbcdf8228,0.007014420012291608
ck_61d7b0568ec5d6cf,0.056233388546789796
ck_89c74feeaffa7d09,0.0056082048032625375
ck_93776b0c113f41f0,0.06410389244862354
ck_15e0b679931f7a8d,0.008399449739911748
ck_77b56c49cfdb1d81,0.13479807054121368
ck_73188a826b5f499f,0.0076354184420196515
ck_4f463ef25325ddfa,0.6185832554430964
ck_863db2e394dc47d1,0.9783437760080506
ck_d52432ed597f3cc9,0.0072559650798149225
ck_04fb61e5739642f8,0.0737349975127829
ck_2e481d75d110c06d,0.03275121390830496
ck_3fa1a523d77cd619,0.011909709443027423
ck_466dc6274fecd708,0.005944644511452862
ck_e1790b3aa2241b10,0.5545745598097115
ck_84ad096a46e1a960,0.02913436878188394
ck_3be72c9c178fa00d,0.015923352524744007
ck_5a17c89219d1d9fe,0.030342971900765476
ck_4f639f4ee6ce8d9e,0.08399774420753343
ck_f4ec4a935e51b4db,0.0236715210884213
ck_f04040a830f92bac,0.014228670510133507
ck_3e4d02a04be2aaf8,0.030071868300503093
ck_4d1baef193cfb900,0.03576557208667687
ck_0fb3153d37626b75,0.001491801502228755
ck_88ec57a11b11f702,0.8356658820330127
ck_dca9dc465f759db4,0.01675966420044481
ck_64f5fba6af67e024,0.02478934268530286
ck_896096cb167254ef,0.03522648898227741
ck_7878679065876b98,0.01388582307319965
ck_fe8e5a6c880ceb4e,0.019409191536540565
ck_a5e036327d3d1862,0.0018373333026944015
ck_310f73940fc4cf4f,0.02617991812987341
ck_46a8db16ad00b749,0.03276732499754237
ck_0d33977c3de8cfaf,0.9932967517920045
ck_c6fff412f531db0f,0.0014732444594415285
ck_bac6dadf428eaea9,0.028399763826798444
ck_1b96d9af0d7da2d5,0.0041665689499367385
ck_fa8a4a9e77799fcc,0.0029681927988945674
ck_0bf48607a874b4d1,0.0012107755416287979
ck_eeb75f8a6439f65e,0.021120358090278506
ck_a209a5f7d172125e,0.010147885464178549
ck_8f346b72fb40bf14,0.009428620657449682
ck_bccbf9fef367f00f,0.01941359026356442
ck_2d1548f1ee405cc9,0.012380038475031486
ck_e8298ff2dc1e9d50,0.004751354317026189
ck_77c0fb524edb4a94,0.007722766590990788
ck_28ac4c5134cb8e77,0.03456979115418071
ck_db23a0e3e54be60c,0.36435617162353606
ck_a059d00cee5cee99,0.00222604570277747
ck_3e9e3bba8bd363af,0.003477138806252754
ck_0428728df24cdab4,0.005552501134402318
ck_88cd35378075c84f,0.002103560174217905
ck_0174d76398d9dc0f,0.06437993199047098
ck_3f1287e6c27de0dc,0.02214077492014527
ck_ff822700f3605e06,0.9954185292026435
ck_4563227b2038ae07,0.1430451076455817
ck_788e78065526ee19,0.01792519563834162
ck_8a16eb584093b12f,0.0027375456084953024
ck_cc276f71ab6c08fd,0.061381563281674344
ck_d61d97b21002f3e9,0.04444753118915668
ck_4b2e87d86a5e415c,0.052898271268044944
ck_3e6f35e4500d2f2a,0.0016937375316598304
ck_3acdb083e0d8ad61,0.004020792799743842
ck_cd655202db489010,0.003470169429756851
ck_829cbf5ccda481ae,0.010743300079950866
ck_f5882e6f98b8b4cd,0.0010834257251920252
ck_767947540b234add,0.01801165802900918
ck_a6e8e8f535b1f1d1,0.02814348885732886
ck_58412a2674fea506,0.03186069831235474
ck_fae7e518a585fa61,0.037974188909566074
ck_9c60ae6958d68dbd,0.11797387988353758
ck_328696b8f5e54ec6,0.05641515418994983
ck_7df3f8f4f1068d62,0.006648056636756863
ck_cfadd21458230ef7,0.007768848333046946
ck_7048bedd554c703b,0.004046632569249696
ck_50422466f145bfd7,0.0018768816921643917
ck_61e1f7168cd9ff25,0.04169496635084552
ck_733aff0f56f5b3c9,0.02105666779003624
ck_e14892e424180549,0.0023487874573109428
ck_03f6664a96de7d0f,0.015625866488880768
ck_b7f4baa2cc82fe61,0.008635378968118473
ck_1e51199a075ca0fa,0.005019394452237416
ck_0e70516fa07cfb17,0.8878614967569278
ck_0f37c554a5057801,0.9219932973971103
ck_5576b725de38d106,0.00746749198385019
ck_82f360df1e9f4eb8,0.08020342848304181
ck_395f3bd4aacd7ca6,0.016786784333167902
ck_5e8e857b63966609,0.6113250493318505
ck_93470896f0804b6b,0.8675253061108461
ck_3be854e42e76569a,0.007251954540723531
ck_0567302c57a2417e,0.03440707232096608
ck_ee535461b5f05539,0.10977341912353557
ck_94a096c36162a153,0.01661518393363571
ck_dfc8f5c141fd7c63,0.013781656821762446
ck_98b34f2d704c1c2a,0.024037007109276285
ck_96dff7a09d45f116,0.041849859220697595
ck_79557434c129ba52,0.01862856541693599
ck_4596624a7c01d501,0.010404705339641667
ck_04e89fbd739243fa,0.0024630408684144164
ck_6149ffaf18872dc8,0.0023417281231528572
ck_cd78f0832a09bd8f,0.39782313393805174
ck_7e29c10d781c3b41,0.015996553245160722
ck_1f7ee7b23fc6f2f4,0.013913884879017822
ck_c49b685d2b3ab89a,0.004619901322836691
ck_84569a8fc50e73ac,0.014670640292550103
ck_b92b11d205af91eb,0.0032727190752256446
ck_06280e6d6d2485b0,0.007454299785950686
ck_3c08546dd0c92863,0.01997415044697123
ck_99d3983f907828bf,0.00702239183926702
ck_eccfd552aa652d3c,0.015812099898997747
ck_0cff8153881875ba,0.02379620442972971
ck_c1aebbeca6ab5ff9,0.008522565970334562
ck_538fdbbb3c2bcbbb,0.03224350608801527
ck_8c0210322733c718,0.017162992454526252
ck_0b0c93039f987abc,0.007226340671609058
ck_6d07d6d1bd227d37,0.3271713024716344
ck_9b6ee35e8cd0b11c,0.005032787269187809
ck_d838491d3d4f5ecf,0.011440095229650303
ck_0593ae243a9ebee9,0.01554351159192053
ck_ef261fc09be8eb0b,0.003425777886743282
ck_d0935b571a4a3868,0.014552615040303094
ck_97d04a67a104af39,0.05758530681217952
ck_e25f70d0b7229420,0.03151319978950011
ck_9b71274ff83de482,0.9807546577242027
ck_6de2aa2bb60978d3,0.018999038162493615
ck_eda55c8fb47593d7,0.006453008124855087
ck_924e572517515f19,0.2752483061798631
ck_d6f27eacbad310f4,0.008369208200509631
ck_8550f229b5eb03ab,0.003790288382718777
ck_e3e95546a84d0ed8,0.037030138483399574
ck_3135c019696ee6af,0.9725530496926463
ck_41ba315d8fccb559,0.008067618239700727
ck_72b86e4485da2d0f,0.9682796894563223
ck_daaa995f3c2f0e47,0.02647481102209502
ck_053746067839696b,0.019705916920122413
ck_a15fe7d0f4b65c33,0.33365965065742614
ck_15de11438732bb05,0.01265568794501694
ck_2c4d25acbe3fabd9,0.01447866525910269
ck_7f08078908599bd2,0.04681020805006128
ck_e794741742fb2619,0.015134929295004521
ck_238e53b6dee8c301,0.01876195364974651
ck_53a6a33060d5c8b8,0.010385604161410355
ck_0e0919292ad33472,0.6298003360403533
ck_d86ccf148c06c8c8,0.025974292508924465
ck_c881f26c9bf9ae42,0.48540755000066005
ck_4b0947bf94e9d847,0.027047380681515923
ck_e10ff5c38bd18470,0.02713611836149883
ck_b60de9e97aad9e45,0.6757806943412523
ck_190bc849e5ff5401,0.023271845844121043
ck_e7be077aa0b2632c,0.002353017166689352
ck_a51abde881ebeff3,0.011689964544867261
ck_2208392a9f6bd249,0.009549185127602174
ck_0259da8f109017e9,0.005705519066352188
ck_05e01ab9c95449da,0.013470783519911583
ck_c82897ebffb6ae66,0.009770566853946677
ck_b4a6bb4689cd7cfa,0.3184277446648076
ck_9e21ea33018ce538,0.011072045449692793
ck_caa348f0e65db062,0.9926516068032685
ck_a964e6b5d8415334,0.30856972336237254
ck_510bfbbee37ff436,0.011022638915283314
ck_9741a82faf5c7889,0.01999672085931667
ck_e7f61b4a39ba98ac,0.0014431546150691194
ck_069d158665a53909,0.01996226654271615
ck_6426427efe3228af,0.030452651041186638
ck_ab4a8d02ec3c0fd7,0.0014308108842256714
ck_aefa0d8d933e0eca,0.033937237170271264
ck_232325ef6bce92f1,0.011614336845411131
ck_14e58c3fb26a2b4d,0.026776010600569375
ck_06e73afdec26aecc,0.10224767095332485
ck_3168f4f2778d64e1,0.015337140612138445
ck_ff3998d6858daa21,0.003989068818389803
ck_bccff46fb0868454,0.09537989674907991
ck_c7d444d90fa86d7c,0.30996547550379167
ck_f0bc3bdee6bfbb94,0.16941437769514778
ck_f7112818a6d81422,0.047143580414011545
ck_aca35dbcb835ad02,0.02902543854159076
ck_f637fabf0f60528f,0.01663330556762749
ck_53d17ab97de1ac3e,0.006643152600653309
ck_c8c1bf16d9113493,0.10208733444998752
ck_e842fb0cf055a83b,0.05164342984532706
ck_93c0cb3dac4891fe,0.024878375762257522
ck_0c1f088e17e46daf,0.020394815205376806
ck_8f4b384955bf57c9,0.005263079934442191
ck_09cd5c4df1e81ac2,0.04213608721337543
ck_1e832a5b2342554f,0.036361990946173935
ck_2cb763a881aee27f,0.003147170779500467
ck_5875828b11406398,0.009301192603201136
ck_48e84b0cb0b90fa7,0.020987086176896562
ck_833688de8629c5c0,0.0023747568975736873
ck_117d78ccd5820f36,0.02071009798677016
ck_668ec61c4c39cae3,0.004350044936484879
ck_73a7794b659d7a34,0.007317945963460313
ck_10f90d879209734f,0.010365665550379505
ck_d1d079913aa158bf,0.004919752939513848
ck_01c631b38e8a9535,0.007493219981830807
ck_f6923088c17a04e2,0.05028714497449148
ck_b447badc9138987d,0.001740310027160196
ck_8b772caed8f1541c,0.012199606515099297
ck_5403c76fe68a08ba,0.3568338711233843
ck_3e6833574edf1736,0.009919806845333185
ck_e527fbb9450a4581,0.9209859487649679
ck_cc90e219f1ebf390,0.0014653356503329669
